id,title,description,availability,availability date,expiration date,link,mobile link,image link,price,sale price,sale price effective date,identifier exists,gtin,mpn,brand,product highlight,product detail,additional image link,condition,adult,color,size,size type,size system,gender,material,pattern,age group,multipack,is bundle,unit pricing measure,unit pricing base measure,energy efficiency class,min energy efficiency class,min energy efficiency class,item group id,sell on google quantity,Shipping costs,Delivery time,Category
40702,Artfex skyddsgaller Volkswagen ID.7 Combi Coupé,Modellanpassat skyddsgaller till din bil. ,in_stock,,,https://www.hundbur.nu/se/products/artfex-skyddsgaller-volkswagen-id-7-combi-coupe,,https://hund-katt-medusa-backend.s3.eu-north-1.amazonaws.com/Skyddsgaller 1-1717596039386.png,1945.00 kr,,,yes,7340133902707,,Artfex,,,,new,,,,,,,,,,,,,,,,,,,Fri frakt,3-5 arbetsdagar,Hem & Hushåll > Hem > Husdjur
40701,Artfex skyddsgaller Skoda Enyaq iV SUV,Modellanpassat skyddsgaller till din bil. ,in_stock,,,https://www.hundbur.nu/se/products/artfex-skyddsgaller-skoda-enyaq-iv-suv,,https://hund-katt-medusa-backend.s3.eu-north-1.amazonaws.com/Skyddsgaller 1-1716469798923.png,1945.00 kr,,,yes,7340133902691,,Artfex,,,,new,,,,,,,,,,,,,,,,,,,Fri frakt,3-5 arbetsdagar,Hem & Hushåll > Hem > Husdjur
10002,Artfex Hundbur Medium,Artfex Hundbur Medium är en tyst. säker och mångsidig universalbur för transport av hund i bil med många genomtänkta detaljer. Denna bur är av mellanstorlek och tar ca halva bredden i bagaget men finns även i en bredare variant (Artfex Hundbur Medium Bred).,in_stock,,,https://www.hundbur.nu/se/products/artfex-hundbur-medium,,https://hund-katt-medusa-backend.s3.eu-north-1.amazonaws.com/Hundbur Medium-1715866926112.png,3395.00 kr,,,yes,7340133900031,,Artfex,,,,new,,,,,,,,,,,,,,,,,,,Fri frakt,3-5 arbetsdagar,Hem & Hushåll > Hem > Husdjur
10011,Artfex Hundbur Medium LT,Artfex Hundbur Medium LT är en bur med lasttröskel som är en tyst. säker och mångsidig universalbur för transport av hund i bil med många genomtänkta detaljer. Denna bur är av mellanstorlek och är särskilt anpassad för bilar med lasttröskel.,in_stock,,,https://www.hundbur.nu/se/products/artfex-hundbur-medium-lt,,https://hund-katt-medusa-backend.s3.eu-north-1.amazonaws.com/Hundbur Medium LT-1715867740137.png,3890.00 kr,,,yes,7340133900123,,Artfex,,,,new,,,,,,,,,,,,,,,,,,,Fri frakt,3-5 arbetsdagar,Hem & Hushåll > Hem > Husdjur
10014,Artfex Hundbur Medium Coupé,Artfex Hundbur Medium Coupé är en tyst. säker och mångsidig universalbur för transport av hund i bil med många genomtänkta detaljer. Denna bur är av mellanstorlek och tar ca halva bredden i bagaget men finns även i en bredare variant (Artfex Hundbur Medium Bred Coupé).,in_stock,,,https://www.hundbur.nu/se/products/artfex-hundbur-medium-coupe,,https://hund-katt-medusa-backend.s3.eu-north-1.amazonaws.com/Hundbur Medium Coupe-1715870970385.png,3785.00 kr,,,yes,7340133902431,,Artfex,,,,new,,,,,,,,,,,,,,,,,,,Fri frakt,3-5 arbetsdagar,Hem & Hushåll > Hem > Husdjur
10012,Artfex Hundbur Medium Gavel,Artfex Hundbur Medium Gavel är en tyst. säker och mångsidig universalbur för transport av hund i bil med många genomtänkta detaljer. Denna bur är särskilt anpassad för bilar med kort bagageutrymme som många nya SUV bilar mfl.,in_stock,,,https://www.hundbur.nu/se/products/artfex-hundbur-medium-gavel,,https://hund-katt-medusa-backend.s3.eu-north-1.amazonaws.com/Hundbur Medium Gavel-1715872808865.png,4015.00 kr,,,yes,7340133900130,,Artfex,,,,new,,,,,,,,,,,,,,,,,,,Fri frakt,3-5 arbetsdagar,Hem & Hushåll > Hem > Husdjur
10004,Artfex Hundbur Medium Bred,Artfex Hundbur Medium Bred är en tyst säker och mångsidig universalbur för transport av hund i bil med många genomtänkta detaljer. Denna bur är Artfex näst största enkelbur och ofta den största bur som passar i bilen förutom de allra största kombibilarna.,in_stock,,,https://www.hundbur.nu/se/products/artfex-hundbur-medium-bred,,https://hund-katt-medusa-backend.s3.eu-north-1.amazonaws.com/Hundbur Medium Bred-1715889395590.png,3775.00 kr,,,yes,7340133900055,,Artfex,,,,new,,,,,,,,,,,,,,,,,,,Fri frakt,3-5 arbetsdagar,Hem & Hushåll > Hem > Husdjur
10003,Artfex Hundbur Large,Artfex Hundbur Large är en tyst. säker och mångsidig universalbur för transport av hund i bil med många genomtänkta detaljer. Denna bur är Artfex största enkelbur och tar ca 2/3 av bredden i bagageutrymmet.,in_stock,,,https://www.hundbur.nu/se/products/artfex-hundbur-large,,https://hund-katt-medusa-backend.s3.eu-north-1.amazonaws.com/Hundbur Large-1715891824408.png,4090.00 kr,,,yes,7340133900048,,Artfex,,,,new,,,,,,,,,,,,,,,,,,,Fri frakt,3-5 arbetsdagar,Hem & Hushåll > Hem > Husdjur
10005,Artfex Hundbur Dubbel,Artfex Hundbur Dubbel är en tyst. säker och mångsidig universalbur för transport av hund i bil med många genomtänkta detaljer. Denna dubbelbur från Artfex är i storlek som två stycken Artfex Mediumburar. mellanväggen är helt tät och är demonterbar så buren kan användas med eller utan den.,in_stock,,,https://www.hundbur.nu/se/products/artfex-hundbur-dubbel,,https://hund-katt-medusa-backend.s3.eu-north-1.amazonaws.com/Hundbur Dubbel-1715894042607.png,6590.00 kr,,,yes,7340133900062,,Artfex,,,,new,,,,,,,,,,,,,,,,,,,Fri frakt,3-5 arbetsdagar,Hem & Hushåll > Hem > Husdjur
10025,Artfex Hundbur Medium Bred Coupé,Artfex Hundbur Medium Bred Coupé är en tyst. säker och mångsidig universalbur för transport av hund i bil med många genomtänkta detaljer. Denna bur är av mellanstorlek och tar ca 2/3 bredden i bagaget men finns även i en smalare variant (Artfex Hundbur Medium Coupé).,in_stock,,,https://www.hundbur.nu/se/products/artfex-hundbur-medium-bred-coupe,,https://hund-katt-medusa-backend.s3.eu-north-1.amazonaws.com/Hundbur Medium Bred CoupeÌ-1715896980149.png,4075.00 kr,,,yes,7340133902448,,Artfex,,,,new,,,,,,,,,,,,,,,,,,,Fri frakt,3-5 arbetsdagar,Hem & Hushåll > Hem > Husdjur
10031,Artfex Hundbur Medium Bred LT,Artfex Hundbur Medium Bred LT är en tyst. säker och mångsidig universalbur för transport av hund i bil med många genomtänkta detaljer buren passar ett flertal bilar med lasttröskel Denna bur är av mellanstorlek och tar ca 2/3 av i bagaget men finns även i en smalare variant (Artfex Hundbur Medium LT).,in_stock,,,https://www.hundbur.nu/se/products/artfex-hundbur-medium-bred-lt,,https://hund-katt-medusa-backend.s3.eu-north-1.amazonaws.com/Hundbur Medium Bred LT-1715950079184.png,4045.00 kr,,,yes,7340133902455,,Artfex,,,,new,,,,,,,,,,,,,,,,,,,Fri frakt,3-5 arbetsdagar,Hem & Hushåll > Hem > Husdjur
10006,Artfex Hundgrind Modell 1 Dubbeldörr,Artfex Hundgrind Modell 1 Dubbeldörr är en Svensktillverkad tyst. säker och mångsidig hundgrind för transport av hund i bil med många genomtänkta detaljer.,in_stock,,,https://www.hundbur.nu/se/products/artfex-hundgrind-modell-1-dubbeldorr,,https://hund-katt-medusa-backend.s3.eu-north-1.amazonaws.com/Grind dubbel-1715953803435.png,3815.00 kr,,,yes,7340133900079,,Artfex,,,,new,,,,,,,,,,,,,,,,,,,Fri frakt,3-5 arbetsdagar,Hem & Hushåll > Hem > Husdjur
10008,Artfex Hundgrind Modell 1 Enkeldörr,Artfex Hundgrind Modell 1 Enkeldörr är en Svensktillverkad tyst. säker och mångsidig hundgrind för transport av hund i bil med många genomtänkta detaljer.,in_stock,,,https://www.hundbur.nu/se/products/artfex-hundgrind-modell-1-enkeldorr,,https://hund-katt-medusa-backend.s3.eu-north-1.amazonaws.com/Grind enkel-1715978483911.png,3815.00 kr,,,yes,7340133900093,,Artfex,,,,new,,,,,,,,,,,,,,,,,,,Fri frakt,3-5 arbetsdagar,Hem & Hushåll > Hem > Husdjur
10007,Artfex Hundgrind Modell 2 Dubbeldörr,Artfex Hundgrind Modell 2 Dubbeldörr är en Svensktillverkad tyst. säker och mångsidig hundgrind för transport av hund i bil med många genomtänkta detaljer.,in_stock,,,https://www.hundbur.nu/se/products/artfex-hundgrind-modell-2-dubbeldorr,,https://hund-katt-medusa-backend.s3.eu-north-1.amazonaws.com/Grind dubbel-1715953737624.png,3815.00 kr,,,yes,7340133900086,,Artfex,,,,new,,,,,,,,,,,,,,,,,,,Fri frakt,3-5 arbetsdagar,Hem & Hushåll > Hem > Husdjur
10009,Artfex Hundgrind Modell 2 Enkeldörr,Artfex Hundgrind Modell 2 Enkeldörr är en Svensktillverkad tyst. säker och mångsidig hundgrind för transport av hund i bil med många genomtänkta detaljer.,in_stock,,,https://www.hundbur.nu/se/products/artfex-hundgrind-modell-2-enkeldorr,,https://hund-katt-medusa-backend.s3.eu-north-1.amazonaws.com/Grind enkel-1715978545845.png,3815.00 kr,,,yes,7340133900109,,Artfex,,,,new,,,,,,,,,,,,,,,,,,,Fri frakt,3-5 arbetsdagar,Hem & Hushåll > Hem > Husdjur
10023,Artfex Avdelare,Med denna avdelare kan du göra bagageutrymmet till två separata utrymmen om du har två hundar. eller om du vill ha ett separat utrymme att förvara packning i. Längden på avdelaren är justerbar och den fästs i bottenramen på grinden.,in_stock,,,https://www.hundbur.nu/se/products/artfex-avdelare,,https://hund-katt-medusa-backend.s3.eu-north-1.amazonaws.com/Avdelare-1715978738295.png,2230.00 kr,,,yes,7340133902110,,Artfex,,,,new,,,,,,,,,,,,,,,,,,,Fri frakt,3-5 arbetsdagar,Hem & Hushåll > Hem > Husdjur
40380,Artfex skyddsgaller Audi A4 Avant 2008-,Modellanpassat skyddsgaller till din bil. ,in_stock,,,https://www.hundbur.nu/se/products/artfex-skyddsgaller-audi-a4-avant-2008,,https://hund-katt-medusa-backend.s3.eu-north-1.amazonaws.com/Skyddsgaller 1-1716408695447.png,1945.00 kr,,,yes,7340133900413,,Artfex,,,,new,,,,,,,,,,,,,,,,,,,Fri frakt,3-5 arbetsdagar,Hem & Hushåll > Hem > Husdjur
40427,Artfex skyddsgaller Audi A6 Avant 2005-2011,Modellanpassat skyddsgaller till din bil. ,in_stock,,,https://www.hundbur.nu/se/products/artfex-skyddsgaller-audi-a6-avant-2005-2011,,https://hund-katt-medusa-backend.s3.eu-north-1.amazonaws.com/Skyddsgaller 1-1716408978096.png,1945.00 kr,,,yes,7340133900437,,Artfex,,,,new,,,,,,,,,,,,,,,,,,,Fri frakt,3-5 arbetsdagar,Hem & Hushåll > Hem > Husdjur
40513,Artfex skyddsgaller Audi A6 Avant 2012-,Modellanpassat skyddsgaller till din bil. ,in_stock,,,https://www.hundbur.nu/se/products/artfex-skyddsgaller-audi-a6-avant-2012,,https://hund-katt-medusa-backend.s3.eu-north-1.amazonaws.com/Skyddsgaller 1-1716409031183.png,1945.00 kr,,,yes,7340133900420,,Artfex,,,,new,,,,,,,,,,,,,,,,,,,Fri frakt,3-5 arbetsdagar,Hem & Hushåll > Hem > Husdjur
40598,Artfex skyddsgaller Audi Q5 2017-,Modellanpassat skyddsgaller till din bil. ,in_stock,,,https://www.hundbur.nu/se/products/artfex-skyddsgaller-audi-q5-2017,,https://hund-katt-medusa-backend.s3.eu-north-1.amazonaws.com/Skyddsgaller 1-1716409118955.png,1945.00 kr,,,yes,7340133900451,,Artfex,,,,new,,,,,,,,,,,,,,,,,,,Fri frakt,3-5 arbetsdagar,Hem & Hushåll > Hem > Husdjur
40560,Artfex skyddsgaller Audi Q5 2008-2017,Modellanpassat skyddsgaller till din bil. ,in_stock,,,https://www.hundbur.nu/se/products/artfex-skyddsgaller-audi-q5,,https://hund-katt-medusa-backend.s3.eu-north-1.amazonaws.com/Skyddsgaller 1-1716409190984.png,1945.00 kr,,,yes,7340133900468,,Artfex,,,,new,,,,,,,,,,,,,,,,,,,Fri frakt,3-5 arbetsdagar,Hem & Hushåll > Hem > Husdjur
40589,Artfex skyddsgaller Audi A4 Avant & A4 Allroad 2016-,Modellanpassat skyddsgaller till din bil. ,in_stock,,,https://www.hundbur.nu/se/products/artfex-skyddsgaller-audi-a4-avant-b9-2016,,https://hund-katt-medusa-backend.s3.eu-north-1.amazonaws.com/Skyddsgaller 1-1716409226079.png,1945.00 kr,,,yes,7340133900406,,Artfex,,,,new,,,,,,,,,,,,,,,,,,,Fri frakt,3-5 arbetsdagar,Hem & Hushåll > Hem > Husdjur
40608,Artfex skyddsgaller Audi Q7 4M,Modellanpassat skyddsgaller till din bil. ,in_stock,,,https://www.hundbur.nu/se/products/artfex-skyddsgaller-audi-q7-4m,,https://hund-katt-medusa-backend.s3.eu-north-1.amazonaws.com/Skyddsgaller 1-1716409264265.png,1945.00 kr,,,yes,7340133900475,,Artfex,,,,new,,,,,,,,,,,,,,,,,,,Fri frakt,3-5 arbetsdagar,Hem & Hushåll > Hem > Husdjur
40609,Artfex skyddsgaller Audi Q3 8U,Modellanpassat skyddsgaller till din bil. ,in_stock,,,https://www.hundbur.nu/se/products/artfex-skyddsgaller-audi-q3-kaross-8u,,https://hund-katt-medusa-backend.s3.eu-north-1.amazonaws.com/Skyddsgaller 1-1716409310833.png,1945.00 kr,,,yes,7340133900444,,Artfex,,,,new,,,,,,,,,,,,,,,,,,,Fri frakt,3-5 arbetsdagar,Hem & Hushåll > Hem > Husdjur
40628,Artfex skyddsgaller Audi A6 Avant & A6 Allroad 2018-,Modellanpassat skyddsgaller till din bil. ,in_stock,,,https://www.hundbur.nu/se/products/artfex-skyddsgaller-audi-a6-avant-kaross-c8-2018,,https://hund-katt-medusa-backend.s3.eu-north-1.amazonaws.com/Skyddsgaller 1-1716409441127.png,1945.00 kr,,,yes,7340133900710,,Artfex,,,,new,,,,,,,,,,,,,,,,,,,Fri frakt,3-5 arbetsdagar,Hem & Hushåll > Hem > Husdjur
40643,Artfex skyddsgaller Audi Q8 E-tron,Modellanpassat skyddsgaller till din bil. ,in_stock,,,https://www.hundbur.nu/se/products/artfex-skyddsgaller-audi-q8-e-tron,,https://hund-katt-medusa-backend.s3.eu-north-1.amazonaws.com/Skyddsgaller 1-1716409491966.png,1945.00 kr,,,yes,7340133902080,,Artfex,,,,new,,,,,,,,,,,,,,,,,,,Fri frakt,3-5 arbetsdagar,Hem & Hushåll > Hem > Husdjur
40440,Artfex skyddsgaller BMW 1-serie 2004-2011,Modellanpassat skyddsgaller till din bil. ,in_stock,,,https://www.hundbur.nu/se/products/artfex-skyddsgaller-bmw-1-serie-5-dorrars-e87-2004-2011,,https://hund-katt-medusa-backend.s3.eu-north-1.amazonaws.com/Skyddsgaller 1-1716409549151.png,1945.00 kr,,,yes,7340133900499,,Artfex,,,,new,,,,,,,,,,,,,,,,,,,Fri frakt,3-5 arbetsdagar,Hem & Hushåll > Hem > Husdjur
40469,Artfex skyddsgaller BMW 1-serie 2011-2019,Modellanpassat skyddsgaller till din bil. ,in_stock,,,https://www.hundbur.nu/se/products/artfex-skyddsgaller-bmw-1-serie-5-dorrars-2011-2019,,https://hund-katt-medusa-backend.s3.eu-north-1.amazonaws.com/Skyddsgaller 1-1716409591621.png,1945.00 kr,,,yes,7340133900482,,Artfex,,,,new,,,,,,,,,,,,,,,,,,,Fri frakt,3-5 arbetsdagar,Hem & Hushåll > Hem > Husdjur
40460,Artfex skyddsgaller BMW X1 2009-2015,Modellanpassat skyddsgaller till din bil. ,in_stock,,,https://www.hundbur.nu/se/products/artfex-skyddsgaller-bmw-x1-e84-2009-2015,,https://hund-katt-medusa-backend.s3.eu-north-1.amazonaws.com/Skyddsgaller 1-1716409624527.png,1945.00 kr,,,yes,7340133900567,,Artfex,,,,new,,,,,,,,,,,,,,,,,,,Fri frakt,3-5 arbetsdagar,Hem & Hushåll > Hem > Husdjur
40446,Artfex skyddsgaller BMW 3-serie Touring 2005-2011,Modellanpassat skyddsgaller till din bil. ,in_stock,,,https://www.hundbur.nu/se/products/artfex-skyddsgaller-bmw-3-serie-touring-e912004-2011,,https://hund-katt-medusa-backend.s3.eu-north-1.amazonaws.com/Skyddsgaller 1-1716409685422.png,1945.00 kr,,,yes,7340133900512,,Artfex,,,,new,,,,,,,,,,,,,,,,,,,Fri frakt,3-5 arbetsdagar,Hem & Hushåll > Hem > Husdjur
40387,Artfex skyddsgaller BMW 5-serie Touring 2002-2010,Modellanpassat skyddsgaller till din bil. ,in_stock,,,https://www.hundbur.nu/se/products/artfex-skyddsgaller-bmw-5-serie-touring-e61-2002-2010,,https://hund-katt-medusa-backend.s3.eu-north-1.amazonaws.com/Skyddsgaller 1-1716409725270.png,1945.00 kr,,,yes,7340133900543,,Artfex,,,,new,,,,,,,,,,,,,,,,,,,Fri frakt,3-5 arbetsdagar,Hem & Hushåll > Hem > Husdjur
40450,Artfex skyddsgaller BMW 5-serie Touring 2011-2017,Modellanpassat skyddsgaller till din bil. ,in_stock,,,https://www.hundbur.nu/se/products/artfex-skyddsgaller-bmw-5-serie-touring-2011-2017,,https://hund-katt-medusa-backend.s3.eu-north-1.amazonaws.com/Skyddsgaller 1-1716409763965.png,1945.00 kr,,,yes,7340133900536,,Artfex,,,,new,,,,,,,,,,,,,,,,,,,Fri frakt,3-5 arbetsdagar,Hem & Hushåll > Hem > Husdjur
40533,Artfex skyddsgaller BMW X3 2010-2017,Modellanpassat skyddsgaller till din bil. ,in_stock,,,https://www.hundbur.nu/se/products/artfex-skyddsgaller-bmw-x3-2010-2017,,https://hund-katt-medusa-backend.s3.eu-north-1.amazonaws.com/Skyddsgaller 1-1716409804951.png,1945.00 kr,,,yes,7340133900581,,Artfex,,,,new,,,,,,,,,,,,,,,,,,,Fri frakt,3-5 arbetsdagar,Hem & Hushåll > Hem > Husdjur
40534,Artfex skyddsgaller BMW 3-serie Touring 2013-2019,Modellanpassat skyddsgaller till din bil. ,in_stock,,,https://www.hundbur.nu/se/products/artfex-skyddsgaller-bmw-3-serie-touring-2013-2019,,https://hund-katt-medusa-backend.s3.eu-north-1.amazonaws.com/Skyddsgaller 1-1716409851221.png,1945.00 kr,,,yes,7340133900505,,Artfex,,,,new,,,,,,,,,,,,,,,,,,,Fri frakt,3-5 arbetsdagar,Hem & Hushåll > Hem > Husdjur
40530,Artfex skyddsgaller BMW 3-serie Touring 1999-2005,Modellanpassat skyddsgaller till din bil. ,in_stock,,,https://www.hundbur.nu/se/products/artfex-skyddsgaller-bmw-3-serie-touring-1999-2005,,https://hund-katt-medusa-backend.s3.eu-north-1.amazonaws.com/Skyddsgaller 1-1716409889128.png,1945.00 kr,,,yes,7340133900529,,Artfex,,,,new,,,,,,,,,,,,,,,,,,,Fri frakt,3-5 arbetsdagar,Hem & Hushåll > Hem > Husdjur
40613,Artfex skyddsgaller BMW X1 2015-2022,Modellanpassat skyddsgaller till din bil. ,in_stock,,,https://www.hundbur.nu/se/products/artfex-skyddsgaller-bmw-x1-2015-2022,,https://hund-katt-medusa-backend.s3.eu-north-1.amazonaws.com/Skyddsgaller 1-1716409931436.png,1945.00 kr,,,yes,7340133900574,,Artfex,,,,new,,,,,,,,,,,,,,,,,,,Fri frakt,3-5 arbetsdagar,Hem & Hushåll > Hem > Husdjur
40614,Artfex skyddsgaller BMW  X5,Modellanpassat skyddsgaller till din bil. ,in_stock,,,https://www.hundbur.nu/se/products/artfex-skyddsgaller-bmw-x5,,https://hund-katt-medusa-backend.s3.eu-north-1.amazonaws.com/Skyddsgaller 1-1716410465392.png,1945.00 kr,,,yes,7340133900598,,Artfex,,,,new,,,,,,,,,,,,,,,,,,,Fri frakt,3-5 arbetsdagar,Hem & Hushåll > Hem > Husdjur
40624,Artfex skyddsgaller BMW 5-serie Touring,Modellanpassat skyddsgaller till din bil. ,in_stock,,,https://www.hundbur.nu/se/products/artfex-skyddsgaller-bmw-5-serie-touring,,https://hund-katt-medusa-backend.s3.eu-north-1.amazonaws.com/Skyddsgaller 1-1716410509483.png,1945.00 kr,,,yes,7340133900550,,Artfex,,,,new,,,,,,,,,,,,,,,,,,,Fri frakt,3-5 arbetsdagar,Hem & Hushåll > Hem > Husdjur
40644,Artfex skyddsgaller BMW 3-serie Touring 2019-,Modellanpassat skyddsgaller till din bil. ,in_stock,,,https://www.hundbur.nu/se/products/artfex-skyddsgaller-bmw-3-serie-touring-2019,,https://hund-katt-medusa-backend.s3.eu-north-1.amazonaws.com/Skyddsgaller 1-1716410548800.png,1945.00 kr,,,yes,7340133902103,,Artfex,,,,new,,,,,,,,,,,,,,,,,,,Fri frakt,3-5 arbetsdagar,Hem & Hushåll > Hem > Husdjur
40661,Artfex skyddsgaller BMW X3 & iX3,Modellanpassat skyddsgaller till din bil. ,in_stock,,,https://www.hundbur.nu/se/products/artfex-skyddsgaller-bmw-x3-ix3,,https://hund-katt-medusa-backend.s3.eu-north-1.amazonaws.com/Skyddsgaller 1-1716410586941.png,1945.00 kr,,,yes,7340133902318,,Artfex,,,,new,,,,,,,,,,,,,,,,,,,Fri frakt,3-5 arbetsdagar,Hem & Hushåll > Hem > Husdjur
40668,Artfex skyddsgaller BMW 1-serie 2020-,Modellanpassat skyddsgaller till din bil. ,in_stock,,,https://www.hundbur.nu/se/products/artfex-skyddsgaller-bmw-1-serie-2020,,https://hund-katt-medusa-backend.s3.eu-north-1.amazonaws.com/Skyddsgaller 1-1716410627534.png,1945.00 kr,,,yes,7340133902509,,Artfex,,,,new,,,,,,,,,,,,,,,,,,,Fri frakt,3-5 arbetsdagar,Hem & Hushåll > Hem > Husdjur
40406,Artfex skyddsgaller Chevrolet Captiva,Modellanpassat skyddsgaller till din bil. ,in_stock,,,https://www.hundbur.nu/se/products/artfex-skyddsgaller-chevrolet-captiva,,https://hund-katt-medusa-backend.s3.eu-north-1.amazonaws.com/Skyddsgaller 1-1716411100904.png,1945.00 kr,,,yes,7340133900611,,Artfex,,,,new,,,,,,,,,,,,,,,,,,,Fri frakt,3-5 arbetsdagar,Hem & Hushåll > Hem > Husdjur
40542,Artfex skyddsgaller Chevrolet Trax,Modellanpassat skyddsgaller till din bil. ,in_stock,,,https://www.hundbur.nu/se/products/artfex-skyddsgaller-chevrolet-trax,,https://hund-katt-medusa-backend.s3.eu-north-1.amazonaws.com/Skyddsgaller 1-1716411140651.png,1945.00 kr,,,yes,7340133900635,,Artfex,,,,new,,,,,,,,,,,,,,,,,,,Fri frakt,3-5 arbetsdagar,Hem & Hushåll > Hem > Husdjur
40512,Artfex skyddsgaller Chevrolet Cruze Kombi,Modellanpassat skyddsgaller till din bil. ,in_stock,,,https://www.hundbur.nu/se/products/artfex-skyddsgaller-chevrolet-cruze-kombi,,https://hund-katt-medusa-backend.s3.eu-north-1.amazonaws.com/Skyddsgaller 1-1716411180360.png,1945.00 kr,,,yes,7340133900628,,Artfex,,,,new,,,,,,,,,,,,,,,,,,,Fri frakt,3-5 arbetsdagar,Hem & Hushåll > Hem > Husdjur
40502,Artfex skyddsgaller Chevrolet Orlando,Modellanpassat skyddsgaller till din bil. ,in_stock,,,https://www.hundbur.nu/se/products/artfex-skyddsgaller-chevrolet-orlando,,https://hund-katt-medusa-backend.s3.eu-north-1.amazonaws.com/Skyddsgaller 1-1716411217685.png,1945.00 kr,,,yes,7340133900604,,Artfex,,,,new,,,,,,,,,,,,,,,,,,,Fri frakt,3-5 arbetsdagar,Hem & Hushåll > Hem > Husdjur
40495,Artfex skyddsgaller Citroën C4 Aircross,Modellanpassat skyddsgaller till din bil. ,in_stock,,,https://www.hundbur.nu/se/products/artfex-skyddsgaller-citroen-c4-air-cross,,https://hund-katt-medusa-backend.s3.eu-north-1.amazonaws.com/Skyddsgaller 1-1716411266918.png,1945.00 kr,,,yes,7340133900666,,Artfex,,,,new,,,,,,,,,,,,,,,,,,,Fri frakt,3-5 arbetsdagar,Hem & Hushåll > Hem > Husdjur
40414,Artfex skyddsgaller Citroën C5 -2007,Modellanpassat skyddsgaller till din bil. ,in_stock,,,https://www.hundbur.nu/se/products/artfex-skyddsgaller-citroen-c5-2007,,https://hund-katt-medusa-backend.s3.eu-north-1.amazonaws.com/Skyddsgaller 1-1716411321133.png,1945.00 kr,,,yes,7340133900680,,Artfex,,,,new,,,,,,,,,,,,,,,,,,,Fri frakt,3-5 arbetsdagar,Hem & Hushåll > Hem > Husdjur
40438,Artfex skyddsgaller Citroën C5 2008-,Modellanpassat skyddsgaller till din bil. ,in_stock,,,https://www.hundbur.nu/se/products/artfex-skyddsgaller-citroen-c5-2008,,https://hund-katt-medusa-backend.s3.eu-north-1.amazonaws.com/Skyddsgaller 1-1716411365691.png,1945.00 kr,,,yes,7340133900673,,Artfex,,,,new,,,,,,,,,,,,,,,,,,,Fri frakt,3-5 arbetsdagar,Hem & Hushåll > Hem > Husdjur
40431,Artfex skyddsgaller Citroën C-Crosser,Modellanpassat skyddsgaller till din bil. ,in_stock,,,https://www.hundbur.nu/se/products/artfex-skyddsgaller-citroen-c-crosser,,https://hund-katt-medusa-backend.s3.eu-north-1.amazonaws.com/Skyddsgaller 1-1716411403013.png,1945.00 kr,,,yes,7340133900697,,Artfex,,,,new,,,,,,,,,,,,,,,,,,,Fri frakt,3-5 arbetsdagar,Hem & Hushåll > Hem > Husdjur
40586,Artfex skyddsgaller Citroën Berlingo 2008-2018,Modellanpassat skyddsgaller till din bil. ,in_stock,,,https://www.hundbur.nu/se/products/artfex-skyddsgaller-citroen-berlingo-2008-2018,,https://hund-katt-medusa-backend.s3.eu-north-1.amazonaws.com/Skyddsgaller 1-1716411452756.png,2045.00 kr,,,yes,7340133900642,,Artfex,,,,new,,,,,,,,,,,,,,,,,,,Fri frakt,3-5 arbetsdagar,Hem & Hushåll > Hem > Husdjur
40630,Artfex skyddsgaller Citroën Berlingo 2019-,Modellanpassat skyddsgaller till din bil. ,in_stock,,,https://www.hundbur.nu/se/products/artfex-skyddsgaller-citroen-berlingo-2019,,https://hund-katt-medusa-backend.s3.eu-north-1.amazonaws.com/Skyddsgaller 1-1716411486060.png,2045.00 kr,,,yes,7340133900659,,Artfex,,,,new,,,,,,,,,,,,,,,,,,,Fri frakt,3-5 arbetsdagar,Hem & Hushåll > Hem > Husdjur
40642,Artfex skyddsgaller Citroën C5 Aircross,Modellanpassat skyddsgaller till din bil. ,in_stock,,,https://www.hundbur.nu/se/products/artfex-skyddsgaller-citroen-c5-aircross,,https://hund-katt-medusa-backend.s3.eu-north-1.amazonaws.com/Skyddsgaller 1-1716411520828.png,1945.00 kr,,,yes,7340133902073,,Artfex,,,,new,,,,,,,,,,,,,,,,,,,Fri frakt,3-5 arbetsdagar,Hem & Hushåll > Hem > Husdjur
40515,Artfex skyddsgaller Dacia Duster gen I,Modellanpassat skyddsgaller till din bil. ,in_stock,,,https://www.hundbur.nu/se/products/artfex-skyddsgaller-dacia-duster-gen-i,,https://hund-katt-medusa-backend.s3.eu-north-1.amazonaws.com/Skyddsgaller 1-1716411591624.png,1945.00 kr,,,yes,7340133900727,,Artfex,,,,new,,,,,,,,,,,,,,,,,,,Fri frakt,3-5 arbetsdagar,Hem & Hushåll > Hem > Husdjur
40629,Artfex skyddsgaller Dacia Duster gen II,Modellanpassat skyddsgaller till din bil. ,in_stock,,,https://www.hundbur.nu/se/products/artfex-skyddsgaller-dacia-duster-gen-ii,,https://hund-katt-medusa-backend.s3.eu-north-1.amazonaws.com/Skyddsgaller 1-1716411648115.png,1945.00 kr,,,yes,7340133900703,,Artfex,,,,new,,,,,,,,,,,,,,,,,,,Fri frakt,3-5 arbetsdagar,Hem & Hushåll > Hem > Husdjur
40677,Artfex skyddsgaller Dacia Jogger,Modellanpassat skyddsgaller till din bil. ,in_stock,,,https://www.hundbur.nu/se/products/artfex-skyddsgaller-dacia-jogger,,https://hund-katt-medusa-backend.s3.eu-north-1.amazonaws.com/Skyddsgaller 1-1716411684346.png,1945.00 kr,,,yes,7340133902561,,Artfex,,,,new,,,,,,,,,,,,,,,,,,,Fri frakt,3-5 arbetsdagar,Hem & Hushåll > Hem > Husdjur
40501,Artfex skyddsgaller Dodge Journey 2008-2020,Modellanpassat skyddsgaller till din bil. ,in_stock,,,https://www.hundbur.nu/se/products/artfex-skyddsgaller-dodge-journey-2008-2020,,https://hund-katt-medusa-backend.s3.eu-north-1.amazonaws.com/Skyddsgaller 1-1716411726505.png,1945.00 kr,,,yes,7340133900734,,Artfex,,,,new,,,,,,,,,,,,,,,,,,,Fri frakt,3-5 arbetsdagar,Hem & Hushåll > Hem > Husdjur
40501,Artfex skyddsgaller Fiat Freemont,Modellanpassat skyddsgaller till din bil. ,in_stock,,,https://www.hundbur.nu/se/products/artfex-skyddsgaller-fiat-freemont,,https://hund-katt-medusa-backend.s3.eu-north-1.amazonaws.com/Skyddsgaller 1-1716411791210.png,1945.00 kr,,,yes,7340133900734,,Artfex,,,,new,,,,,,,,,,,,,,,,,,,Fri frakt,3-5 arbetsdagar,Hem & Hushåll > Hem > Husdjur
40366,Artfex skyddsgaller Fiat Sedici,Modellanpassat skyddsgaller till din bil. ,in_stock,,,https://www.hundbur.nu/se/products/artfex-skyddsgaller-fiat-sedici,,https://hund-katt-medusa-backend.s3.eu-north-1.amazonaws.com/Skyddsgaller 1-1716411838105.png,1945.00 kr,,,yes,7340133900758,,Artfex,,,,new,,,,,,,,,,,,,,,,,,,Fri frakt,3-5 arbetsdagar,Hem & Hushåll > Hem > Husdjur
40473,Artfex skyddsgaller Ford Focus Kombi Gen II,Modellanpassat skyddsgaller till din bil. ,in_stock,,,https://www.hundbur.nu/se/products/artfex-skyddsgaller-ford-focus-kombi-gen-ii,,https://hund-katt-medusa-backend.s3.eu-north-1.amazonaws.com/Skyddsgaller 1-1716411904099.png,1945.00 kr,,,yes,7340133900772,,Artfex,,,,new,,,,,,,,,,,,,,,,,,,Fri frakt,3-5 arbetsdagar,Hem & Hushåll > Hem > Husdjur
40474,Artfex skyddsgaller Ford Focus Kombi Gen III,Modellanpassat skyddsgaller till din bil. ,in_stock,,,https://www.hundbur.nu/se/products/artfex-skyddsgaller-ford-focus-kombi-gen-iii,,https://hund-katt-medusa-backend.s3.eu-north-1.amazonaws.com/Skyddsgaller 1-1716411943675.png,1945.00 kr,,,yes,7340133900765,,Artfex,,,,new,,,,,,,,,,,,,,,,,,,Fri frakt,3-5 arbetsdagar,Hem & Hushåll > Hem > Husdjur
40475,Artfex skyddsgaller Ford Mondeo Kombi 2000-2005,Modellanpassat skyddsgaller till din bil. ,in_stock,,,https://www.hundbur.nu/se/products/artfex-skyddsgaller-ford-mondeo-2000-2005,,https://hund-katt-medusa-backend.s3.eu-north-1.amazonaws.com/Skyddsgaller 1-1716411983370.png,1945.00 kr,,,yes,7340133900833,,Artfex,,,,new,,,,,,,,,,,,,,,,,,,Fri frakt,3-5 arbetsdagar,Hem & Hushåll > Hem > Husdjur
40476,Artfex skyddsgaller Ford Mondeo 2008-,Modellanpassat skyddsgaller till din bil. ,in_stock,,,https://www.hundbur.nu/se/products/artfex-skyddsgaller-ford-mondeo-2008,,https://hund-katt-medusa-backend.s3.eu-north-1.amazonaws.com/Skyddsgaller 1-1716412027629.png,1945.00 kr,,,yes,7340133900826,,Artfex,,,,new,,,,,,,,,,,,,,,,,,,Fri frakt,3-5 arbetsdagar,Hem & Hushåll > Hem > Husdjur
40567,Artfex skyddsgaller Ford Mondeo 2015-,Modellanpassat skyddsgaller till din bil. ,in_stock,,,https://www.hundbur.nu/se/products/artfex-skyddsgaller-ford-mondeo-2015,,https://hund-katt-medusa-backend.s3.eu-north-1.amazonaws.com/Skyddsgaller 1-1716412075255.png,1945.00 kr,,,yes,7340133900819,,Artfex,,,,new,,,,,,,,,,,,,,,,,,,Fri frakt,3-5 arbetsdagar,Hem & Hushåll > Hem > Husdjur
40483,Artfex skyddsgaller Ford Kuga -2013,Modellanpassat skyddsgaller till din bil. ,in_stock,,,https://www.hundbur.nu/se/products/artfex-skyddsgaller-ford-kuga-2013,,https://hund-katt-medusa-backend.s3.eu-north-1.amazonaws.com/Skyddsgaller 1-1716412118894.png,1945.00 kr,,,yes,7340133900802,,Artfex,,,,new,,,,,,,,,,,,,,,,,,,Fri frakt,3-5 arbetsdagar,Hem & Hushåll > Hem > Husdjur
40527,Artfex skyddsgaller Ford Kuga 2013-2019,Modellanpassat skyddsgaller till din bil. ,in_stock,,,https://www.hundbur.nu/se/products/artfex-skyddsgaller-ford-kuga-2013-2019,,https://hund-katt-medusa-backend.s3.eu-north-1.amazonaws.com/Skyddsgaller 1-1716412167585.png,1945.00 kr,,,yes,7340133900796,,Artfex,,,,new,,,,,,,,,,,,,,,,,,,Fri frakt,3-5 arbetsdagar,Hem & Hushåll > Hem > Husdjur
40645,Artfex skyddsgaller Ford Kuga 2020-,Modellanpassat skyddsgaller till din bil. ,in_stock,,,https://www.hundbur.nu/se/products/artfex-skyddsgaller-ford-kuga-2020,,https://hund-katt-medusa-backend.s3.eu-north-1.amazonaws.com/Skyddsgaller 1-1716412215006.png,1945.00 kr,,,yes,7340133902097,,Artfex,,,,new,,,,,,,,,,,,,,,,,,,Fri frakt,3-5 arbetsdagar,Hem & Hushåll > Hem > Husdjur
40566,Artfex skyddsgaller Ford Tourneo connect grand 2015-2022,Modellanpassat skyddsgaller till din bil. ,in_stock,,,https://www.hundbur.nu/se/products/artfex-skyddsgaller-ford-tourneo-connect-grand-2015-2022,,https://hund-katt-medusa-backend.s3.eu-north-1.amazonaws.com/Skyddsgaller 1-1716412259226.png,2045.00 kr,,,yes,7340133900840,,Artfex,,,,new,,,,,,,,,,,,,,,,,,,Fri frakt,3-5 arbetsdagar,Hem & Hushåll > Hem > Husdjur
40576,Artfex skyddsgaller Ford Tourneo Connect 2015-2022,Modellanpassat skyddsgaller till din bil. ,in_stock,,,https://www.hundbur.nu/se/products/artfex-skyddsgaller-ford-tourneo-connect-2015-2022,,https://hund-katt-medusa-backend.s3.eu-north-1.amazonaws.com/Skyddsgaller 1-1716412303409.png,2045.00 kr,,,yes,7340133900857,,Artfex,,,,new,,,,,,,,,,,,,,,,,,,Fri frakt,3-5 arbetsdagar,Hem & Hushåll > Hem > Husdjur
40623,Artfex skyddsgaller Ford Focus Kombi 2018-,Modellanpassat skyddsgaller till din bil. ,in_stock,,,https://www.hundbur.nu/se/products/artfex-skyddsgaller-ford-focus-kombi-2018,,https://hund-katt-medusa-backend.s3.eu-north-1.amazonaws.com/Skyddsgaller 1-1716412355031.png,1945.00 kr,,,yes,7340133900789,,Artfex,,,,new,,,,,,,,,,,,,,,,,,,Fri frakt,3-5 arbetsdagar,Hem & Hushåll > Hem > Husdjur
40657,Artfex skyddsgaller Ford Mustang Mach-E,Modellanpassat skyddsgaller till din bil. ,in_stock,,,https://www.hundbur.nu/se/products/artfex-skyddsgaller-ford-mustang-mach-e,,https://hund-katt-medusa-backend.s3.eu-north-1.amazonaws.com/Skyddsgaller 1-1716412403697.png,1945.00 kr,,,yes,7340133902202,,Artfex,,,,new,,,,,,,,,,,,,,,,,,,Fri frakt,3-5 arbetsdagar,Hem & Hushåll > Hem > Husdjur
40663,Artfex skyddsgaller Ford Tourneo Custom,Modellanpassat skyddsgaller till din bil. ,in_stock,,,https://www.hundbur.nu/se/products/artfex-skyddsgaller-ford-tourneo-custom,,https://hund-katt-medusa-backend.s3.eu-north-1.amazonaws.com/Skyddsgaller 1-1716463706142.png,2045.00 kr,,,yes,7340133900857,,Artfex,,,,new,,,,,,,,,,,,,,,,,,,Fri frakt,3-5 arbetsdagar,Hem & Hushåll > Hem > Husdjur
40457,Artfex skyddsgaller Honda CR-V Generation III,Modellanpassat skyddsgaller till din bil. ,in_stock,,,https://www.hundbur.nu/se/products/artfex-skyddsgaller-honda-cr-v-generation-iii,,https://hund-katt-medusa-backend.s3.eu-north-1.amazonaws.com/Skyddsgaller 1-1716463893320.png,1945.00 kr,,,yes,7340133900895,,Artfex,,,,new,,,,,,,,,,,,,,,,,,,Fri frakt,3-5 arbetsdagar,Hem & Hushåll > Hem > Husdjur
40517,Artfex skyddsgaller Honda CR-V Generation IV,Modellanpassat skyddsgaller till din bil. ,in_stock,,,https://www.hundbur.nu/se/products/artfex-skyddsgaller-honda-cr-v-generation-iv,,https://hund-katt-medusa-backend.s3.eu-north-1.amazonaws.com/Skyddsgaller 1-1716464008046.png,1945.00 kr,,,yes,7340133900888,,Artfex,,,,new,,,,,,,,,,,,,,,,,,,Fri frakt,3-5 arbetsdagar,Hem & Hushåll > Hem > Husdjur
40626,Artfex skyddsgaller Honda CR-V Generation V,Modellanpassat skyddsgaller till din bil. ,in_stock,,,https://www.hundbur.nu/se/products/artfex-skyddsgaller-honda-cr-v-generation-v,,https://hund-katt-medusa-backend.s3.eu-north-1.amazonaws.com/Skyddsgaller 1-1716464053442.png,1945.00 kr,,,yes,7340133900871,,Artfex,,,,new,,,,,,,,,,,,,,,,,,,Fri frakt,3-5 arbetsdagar,Hem & Hushåll > Hem > Husdjur
40458,Artfex skyddsgaller Hyundai iX35,Modellanpassat skyddsgaller till din bil. ,in_stock,,,https://www.hundbur.nu/se/products/artfex-skyddsgaller-hyundai-ix35,,https://hund-katt-medusa-backend.s3.eu-north-1.amazonaws.com/Skyddsgaller 1-1716464103775.png,1945.00 kr,,,yes,7340133900932,,Artfex,,,,new,,,,,,,,,,,,,,,,,,,Fri frakt,3-5 arbetsdagar,Hem & Hushåll > Hem > Husdjur
40507,Artfex skyddsgaller Hyundai i30 2013-2017,Modellanpassat skyddsgaller till din bil. ,in_stock,,,https://www.hundbur.nu/se/products/artfex-skyddsgaller-hyundai-i30-2013-2017,,https://hund-katt-medusa-backend.s3.eu-north-1.amazonaws.com/Skyddsgaller 1-1716464142819.png,1945.00 kr,,,yes,7340133900918,,Artfex,,,,new,,,,,,,,,,,,,,,,,,,Fri frakt,3-5 arbetsdagar,Hem & Hushåll > Hem > Husdjur
40496,Artfex skyddsgaller Hyundai i40,Modellanpassat skyddsgaller till din bil. ,in_stock,,,https://www.hundbur.nu/se/products/artfex-skyddsgaller-hyundai-i40,,https://hund-katt-medusa-backend.s3.eu-north-1.amazonaws.com/Skyddsgaller 1-1716464207949.png,1945.00 kr,,,yes,7340133900925,,Artfex,,,,new,,,,,,,,,,,,,,,,,,,Fri frakt,3-5 arbetsdagar,Hem & Hushåll > Hem > Husdjur
40494,Artfex skyddsgaller Hyundai Santa Fe 2006-2012,Modellanpassat skyddsgaller till din bil. ,in_stock,,,https://www.hundbur.nu/se/products/artfex-skyddsgaller-hyundai-santa-fe-2006-2012,,https://hund-katt-medusa-backend.s3.eu-north-1.amazonaws.com/Skyddsgaller 1-1716464286705.png,1945.00 kr,,,yes,7340133900956,,Artfex,,,,new,,,,,,,,,,,,,,,,,,,Fri frakt,3-5 arbetsdagar,Hem & Hushåll > Hem > Husdjur
40580,Artfex skyddsgaller Hyundai Santa Fe 2013-2018,Modellanpassat skyddsgaller till din bil. ,in_stock,,,https://www.hundbur.nu/se/products/artfex-skyddsgaller-hyundai-santa-fe-2013-2018,,https://hund-katt-medusa-backend.s3.eu-north-1.amazonaws.com/Skyddsgaller 1-1716464332260.png,1945.00 kr,,,yes,7340133900949,,Artfex,,,,new,,,,,,,,,,,,,,,,,,,Fri frakt,3-5 arbetsdagar,Hem & Hushåll > Hem > Husdjur
40578,Artfex skyddsgaller Hyundai Tucson 2016-2020,Modellanpassat skyddsgaller till din bil. ,in_stock,,,https://www.hundbur.nu/se/products/artfex-skyddsgaller-hyundai-tucson-2016-2020,,https://hund-katt-medusa-backend.s3.eu-north-1.amazonaws.com/Skyddsgaller 1-1716464374911.png,1945.00 kr,,,yes,7340133900963,,Artfex,,,,new,,,,,,,,,,,,,,,,,,,Fri frakt,3-5 arbetsdagar,Hem & Hushåll > Hem > Husdjur
40650,Artfex skyddsgaller Hyundai Santa Fe gen IV,Modellanpassat skyddsgaller till din bil. ,in_stock,,,https://www.hundbur.nu/se/products/artfex-skyddsgaller-hyundai-santa-fe-gen-iv,,https://hund-katt-medusa-backend.s3.eu-north-1.amazonaws.com/Skyddsgaller 1-1716464419186.png,1945.00 kr,,,yes,7340133902127,,Artfex,,,,new,,,,,,,,,,,,,,,,,,,Fri frakt,3-5 arbetsdagar,Hem & Hushåll > Hem > Husdjur
40658,Artfex skyddsgaller Hyundai Ioniq 5,Modellanpassat skyddsgaller till din bil. ,in_stock,,,https://www.hundbur.nu/se/products/artfex-skyddsgaller-hyundai-ioniq-5,,https://hund-katt-medusa-backend.s3.eu-north-1.amazonaws.com/Skyddsgaller 1-1716464475667.png,1945.00 kr,,,yes,7340133902288,,Artfex,,,,new,,,,,,,,,,,,,,,,,,,Fri frakt,3-5 arbetsdagar,Hem & Hushåll > Hem > Husdjur
40510,Artfex skyddsgaller Kia Ceed SW Gen II,Modellanpassat skyddsgaller till din bil. ,in_stock,,,https://www.hundbur.nu/se/products/artfex-skyddsgaller-kia-ceed-sw-gen-ii,,https://hund-katt-medusa-backend.s3.eu-north-1.amazonaws.com/Skyddsgaller 1-1716464525587.png,1945.00 kr,,,yes,7340133901007,,Artfex,,,,new,,,,,,,,,,,,,,,,,,,Fri frakt,3-5 arbetsdagar,Hem & Hushåll > Hem > Husdjur
40625,Artfex skyddsgaller Kia Ceed SW Gen III,Modellanpassat skyddsgaller till din bil. ,in_stock,,,https://www.hundbur.nu/se/products/artfex-skyddsgaller-kia-ceed-sw-gen-iii,,https://hund-katt-medusa-backend.s3.eu-north-1.amazonaws.com/Skyddsgaller 1-1716464572869.png,1945.00 kr,,,yes,7340133900994,,Artfex,,,,new,,,,,,,,,,,,,,,,,,,Fri frakt,3-5 arbetsdagar,Hem & Hushåll > Hem > Husdjur
40553,Artfex skyddsgaller Kia Carens 2014-,Modellanpassat skyddsgaller till din bil. ,in_stock,,,https://www.hundbur.nu/se/products/artfex-skyddsgaller-kia-carens-2014,,https://hund-katt-medusa-backend.s3.eu-north-1.amazonaws.com/Skyddsgaller 1-1716464633830.png,1945.00 kr,,,yes,7340133900970,,Artfex,,,,new,,,,,,,,,,,,,,,,,,,Fri frakt,3-5 arbetsdagar,Hem & Hushåll > Hem > Husdjur
40462,Artfex skyddsgaller Kia Venga,Modellanpassat skyddsgaller till din bil. ,in_stock,,,https://www.hundbur.nu/se/products/artfex-skyddsgaller-kia-venga,,https://hund-katt-medusa-backend.s3.eu-north-1.amazonaws.com/Skyddsgaller 1-1716464668700.png,1945.00 kr,,,yes,7340133901106,,Artfex,,,,new,,,,,,,,,,,,,,,,,,,Fri frakt,3-5 arbetsdagar,Hem & Hushåll > Hem > Husdjur
40511,Artfex skyddsgaller Kia Sportage 2004-2010,Modellanpassat skyddsgaller till din bil. ,in_stock,,,https://www.hundbur.nu/se/products/artfex-skyddsgaller-kia-sportage-2004-2010,,https://hund-katt-medusa-backend.s3.eu-north-1.amazonaws.com/Skyddsgaller 1-1716464715805.png,1945.00 kr,,,yes,7340133901090,,Artfex,,,,new,,,,,,,,,,,,,,,,,,,Fri frakt,3-5 arbetsdagar,Hem & Hushåll > Hem > Husdjur
40458,Artfex skyddsgaller Kia Sportage 2010-2015,Modellanpassat skyddsgaller till din bil. ,in_stock,,,https://www.hundbur.nu/se/products/artfex-skyddsgaller-kia-sportage-2010-2015,,https://hund-katt-medusa-backend.s3.eu-north-1.amazonaws.com/Skyddsgaller 1-1716464758418.png,1945.00 kr,,,yes,7340133900932,,Artfex,,,,new,,,,,,,,,,,,,,,,,,,Fri frakt,3-5 arbetsdagar,Hem & Hushåll > Hem > Husdjur
40588,Artfex skyddsgaller Kia Sportage 2016-2021,Modellanpassat skyddsgaller till din bil. ,in_stock,,,https://www.hundbur.nu/se/products/artfex-skyddsgaller-kia-sportage-2016-2021,,https://hund-katt-medusa-backend.s3.eu-north-1.amazonaws.com/Skyddsgaller 1-1716464798765.png,1945.00 kr,,,yes,7340133901083,,Artfex,,,,new,,,,,,,,,,,,,,,,,,,Fri frakt,3-5 arbetsdagar,Hem & Hushåll > Hem > Husdjur
40421,Artfex skyddsgaller Kia Sorento 2010-2014,Modellanpassat skyddsgaller till din bil. ,in_stock,,,https://www.hundbur.nu/se/products/artfex-skyddsgaller-kia-sorento-2010-2014,,https://hund-katt-medusa-backend.s3.eu-north-1.amazonaws.com/Skyddsgaller 1-1716464833629.png,1945.00 kr,,,yes,7340133901069,,Artfex,,,,new,,,,,,,,,,,,,,,,,,,Fri frakt,3-5 arbetsdagar,Hem & Hushåll > Hem > Husdjur
40574,Artfex skyddsgaller Kia Sorento 2015-2020,Modellanpassat skyddsgaller till din bil. ,in_stock,,,https://www.hundbur.nu/se/products/artfex-skyddsgaller-kia-sorento-2015-2020,,https://hund-katt-medusa-backend.s3.eu-north-1.amazonaws.com/Skyddsgaller 1-1716464868756.png,1945.00 kr,,,yes,7340133901052,,Artfex,,,,new,,,,,,,,,,,,,,,,,,,Fri frakt,3-5 arbetsdagar,Hem & Hushåll > Hem > Husdjur
40592,Artfex skyddsgaller Kia Soul 2014-2019,Modellanpassat skyddsgaller till din bil. ,in_stock,,,https://www.hundbur.nu/se/products/artfex-skyddsgaller-kia-soul-2014-2019,,https://hund-katt-medusa-backend.s3.eu-north-1.amazonaws.com/Skyddsgaller 1-1716464911231.png,1945.00 kr,,,yes,7340133901076,,Artfex,,,,new,,,,,,,,,,,,,,,,,,,Fri frakt,3-5 arbetsdagar,Hem & Hushåll > Hem > Husdjur
40605,Artfex skyddsgaller Kia Optima Kombi,Modellanpassat skyddsgaller till din bil. ,in_stock,,,https://www.hundbur.nu/se/products/artfex-skyddsgaller-kia-optima-kombi,,https://hund-katt-medusa-backend.s3.eu-north-1.amazonaws.com/Skyddsgaller 1-1716464951418.png,1945.00 kr,,,yes,7340133901045,,Artfex,,,,new,,,,,,,,,,,,,,,,,,,Fri frakt,3-5 arbetsdagar,Hem & Hushåll > Hem > Husdjur
40604,Artfex skyddsgaller Kia Niro gen I,Modellanpassat skyddsgaller till din bil. ,in_stock,,,https://www.hundbur.nu/se/products/artfex-skyddsgaller-kia-niro-gen-i,,https://hund-katt-medusa-backend.s3.eu-north-1.amazonaws.com/Skyddsgaller 1-1716464998147.png,1945.00 kr,,,yes,7340133901038,,Artfex,,,,new,,,,,,,,,,,,,,,,,,,Fri frakt,3-5 arbetsdagar,Hem & Hushåll > Hem > Husdjur
40666,Artfex skyddsgaller Kia Sportage 2022-,Modellanpassat skyddsgaller till din bil. ,in_stock,,,https://www.hundbur.nu/se/products/artfex-skyddsgaller-kia-sportage-2022,,https://hund-katt-medusa-backend.s3.eu-north-1.amazonaws.com/Skyddsgaller 1-1716465036330.png,1945.00 kr,,,yes,7340133902486,,Artfex,,,,new,,,,,,,,,,,,,,,,,,,Fri frakt,3-5 arbetsdagar,Hem & Hushåll > Hem > Husdjur
40667,Artfex skyddsgaller Kia EV6,Modellanpassat skyddsgaller till din bil. ,in_stock,,,https://www.hundbur.nu/se/products/artfex-skyddsgaller-kia-ev6,,https://hund-katt-medusa-backend.s3.eu-north-1.amazonaws.com/Skyddsgaller 1-1716465605611.png,1945.00 kr,,,yes,7340133902493,,Artfex,,,,new,,,,,,,,,,,,,,,,,,,Fri frakt,3-5 arbetsdagar,Hem & Hushåll > Hem > Husdjur
40678,Artfex skyddsgaller Kia Niro 2022-,Modellanpassat skyddsgaller till din bil. ,in_stock,,,https://www.hundbur.nu/se/products/artfex-skyddsgaller-kia-niro-2022,,https://hund-katt-medusa-backend.s3.eu-north-1.amazonaws.com/Skyddsgaller 1-1716465803309.png,1945.00 kr,,,yes,7340133902578,,Artfex,,,,new,,,,,,,,,,,,,,,,,,,Fri frakt,3-5 arbetsdagar,Hem & Hushåll > Hem > Husdjur
40564,Artfex skyddsgaller RangeRover Evoque Gen I,Modellanpassat skyddsgaller till din bil. ,in_stock,,,https://www.hundbur.nu/se/products/artfex-skyddsgaller-rangerover-evoque-gen-i,,https://hund-katt-medusa-backend.s3.eu-north-1.amazonaws.com/Skyddsgaller 1-1716465878068.png,1945.00 kr,,,yes,7340133901137,,Artfex,,,,new,,,,,,,,,,,,,,,,,,,Fri frakt,3-5 arbetsdagar,Hem & Hushåll > Hem > Husdjur
40544,Artfex skyddsgaller LandRover Discovery 3 & 4,Modellanpassat skyddsgaller till din bil. ,in_stock,,,https://www.hundbur.nu/se/products/artfex-skyddsgaller-landrover-discovery-3-4,,https://hund-katt-medusa-backend.s3.eu-north-1.amazonaws.com/Skyddsgaller 1-1716465938062.png,2045.00 kr,,,yes,7340133901120,,Artfex,,,,new,,,,,,,,,,,,,,,,,,,Fri frakt,3-5 arbetsdagar,Hem & Hushåll > Hem > Husdjur
40559,Artfex skyddsgaller LandRover Freelander 2,Modellanpassat skyddsgaller till din bil. ,in_stock,,,https://www.hundbur.nu/se/products/artfex-skyddsgaller-landrover-freelander-2,,https://hund-katt-medusa-backend.s3.eu-north-1.amazonaws.com/Skyddsgaller 1-1716465995361.png,1945.00 kr,,,yes,7340133901113,,Artfex,,,,new,,,,,,,,,,,,,,,,,,,Fri frakt,3-5 arbetsdagar,Hem & Hushåll > Hem > Husdjur
40616,Artfex skyddsgaller Lexus NX gen I,Modellanpassat skyddsgaller till din bil. ,in_stock,,,https://www.hundbur.nu/se/products/artfex-skyddsgaller-lexus-nx-gen-i,,https://hund-katt-medusa-backend.s3.eu-north-1.amazonaws.com/Skyddsgaller 1-1716466040823.png,1945.00 kr,,,yes,7340133901144,,Artfex,,,,new,,,,,,,,,,,,,,,,,,,Fri frakt,3-5 arbetsdagar,Hem & Hushåll > Hem > Husdjur
40399,Artfex skyddsgaller Mazda 3 gen II,Modellanpassat skyddsgaller till din bil. ,in_stock,,,https://www.hundbur.nu/se/products/artfex-skyddsgaller-mazda-3-gen-ii,,https://hund-katt-medusa-backend.s3.eu-north-1.amazonaws.com/Skyddsgaller 1-1716466104323.png,1945.00 kr,,,yes,7340133901175,,Artfex,,,,new,,,,,,,,,,,,,,,,,,,Fri frakt,3-5 arbetsdagar,Hem & Hushåll > Hem > Husdjur
40395,Artfex skyddsgaller Mazda 6 gen II,Modellanpassat skyddsgaller till din bil. ,in_stock,,,https://www.hundbur.nu/se/products/artfex-skyddsgaller-mazda-6-gen-ii,,https://hund-katt-medusa-backend.s3.eu-north-1.amazonaws.com/Skyddsgaller 1-1716466159954.png,1945.00 kr,,,yes,7340133901199,,Artfex,,,,new,,,,,,,,,,,,,,,,,,,Fri frakt,3-5 arbetsdagar,Hem & Hushåll > Hem > Husdjur
40519,Artfex skyddsgaller Mazda 6 gen III,Modellanpassat skyddsgaller till din bil. ,in_stock,,,https://www.hundbur.nu/se/products/artfex-skyddsgaller-mazda-6-gen-iii,,https://hund-katt-medusa-backend.s3.eu-north-1.amazonaws.com/Skyddsgaller 1-1716466226804.png,1945.00 kr,,,yes,7340133901182,,Artfex,,,,new,,,,,,,,,,,,,,,,,,,Fri frakt,3-5 arbetsdagar,Hem & Hushåll > Hem > Husdjur
40518,Artfex skyddsgaller Mazda CX-5 gen I,Modellanpassat skyddsgaller till din bil. ,in_stock,,,https://www.hundbur.nu/se/products/artfex-skyddsgaller-mazda-cx-5-gen-i,,https://hund-katt-medusa-backend.s3.eu-north-1.amazonaws.com/Skyddsgaller 1-1716466276379.png,1945.00 kr,,,yes,7340133901151,,Artfex,,,,new,,,,,,,,,,,,,,,,,,,Fri frakt,3-5 arbetsdagar,Hem & Hushåll > Hem > Husdjur
40615,Artfex skyddsgaller Mazda CX-5 gen II,Modellanpassat skyddsgaller till din bil. ,in_stock,,,https://www.hundbur.nu/se/products/artfex-skyddsgaller-mazda-cx-5-gen-ii,,https://hund-katt-medusa-backend.s3.eu-north-1.amazonaws.com/Skyddsgaller 1-1716466317094.png,1945.00 kr,,,yes,7340133901168,,Artfex,,,,new,,,,,,,,,,,,,,,,,,,Fri frakt,3-5 arbetsdagar,Hem & Hushåll > Hem > Husdjur
40634,Artfex skyddsgaller Mazda CX-30,Modellanpassat skyddsgaller till din bil. ,in_stock,,,https://www.hundbur.nu/se/products/artfex-skyddsgaller-mazda-cx-30,,https://hund-katt-medusa-backend.s3.eu-north-1.amazonaws.com/Skyddsgaller 1-1716466379266.png,1945.00 kr,,,yes,7340133901021,,Artfex,,,,new,,,,,,,,,,,,,,,,,,,Fri frakt,3-5 arbetsdagar,Hem & Hushåll > Hem > Husdjur
40674,Artfex skyddsgaller Mazda CX-60,Modellanpassat skyddsgaller till din bil. ,in_stock,,,https://www.hundbur.nu/se/products/artfex-skyddsgaller-mazda-cx-60,,https://hund-katt-medusa-backend.s3.eu-north-1.amazonaws.com/Skyddsgaller 1-1716466453201.png,1945.00 kr,,,yes,7340133902547,,Artfex,,,,new,,,,,,,,,,,,,,,,,,,Fri frakt,3-5 arbetsdagar,Hem & Hushåll > Hem > Husdjur
40675,Artfex skyddsgaller Maxus Euniq 6,Modellanpassat skyddsgaller till din bil. ,in_stock,,,https://www.hundbur.nu/se/products/artfex-skyddsgaller-maxus-euniq-6,,https://hund-katt-medusa-backend.s3.eu-north-1.amazonaws.com/Skyddsgaller 1-1716466519942.png,1945.00 kr,,,yes,7340133902554,,Artfex,,,,new,,,,,,,,,,,,,,,,,,,Fri frakt,3-5 arbetsdagar,Hem & Hushåll > Hem > Husdjur
40579,Artfex skyddsgaller Mercedes GLC X253,Modellanpassat skyddsgaller till din bil. ,in_stock,,,https://www.hundbur.nu/se/products/artfex-skyddsgaller-mercedes-glc-x253,,https://hund-katt-medusa-backend.s3.eu-north-1.amazonaws.com/Skyddsgaller 1-1716466822291.png,1945.00 kr,,,yes,7340133901250,,Artfex,,,,new,,,,,,,,,,,,,,,,,,,Fri frakt,3-5 arbetsdagar,Hem & Hushåll > Hem > Husdjur
40523,Artfex skyddsgaller Mercedes GLK,Modellanpassat skyddsgaller till din bil. ,in_stock,,,https://www.hundbur.nu/se/products/artfex-skyddsgaller-mercedes-glk,,https://hund-katt-medusa-backend.s3.eu-north-1.amazonaws.com/Skyddsgaller 1-1716466895642.png,1945.00 kr,,,yes,7340133901274,,Artfex,,,,new,,,,,,,,,,,,,,,,,,,Fri frakt,3-5 arbetsdagar,Hem & Hushåll > Hem > Husdjur
40548,Artfex skyddsgaller Mercedes C-klass S204,Modellanpassat skyddsgaller till din bil. ,in_stock,,,https://www.hundbur.nu/se/products/artfex-skyddsgaller-mercedes-c-klass-s204,,https://hund-katt-medusa-backend.s3.eu-north-1.amazonaws.com/Skyddsgaller 1-1716466937392.png,1945.00 kr,,,yes,7340133901229,,Artfex,,,,new,,,,,,,,,,,,,,,,,,,Fri frakt,3-5 arbetsdagar,Hem & Hushåll > Hem > Husdjur
40549,Artfex skyddsgaller Mercedes E-klass S212,Modellanpassat skyddsgaller till din bil. ,in_stock,,,https://www.hundbur.nu/se/products/artfex-skyddsgaller-mercedes-e-klass-s212,,https://hund-katt-medusa-backend.s3.eu-north-1.amazonaws.com/Skyddsgaller 1-1716466981253.png,1945.00 kr,,,yes,7340133902417,,Artfex,,,,new,,,,,,,,,,,,,,,,,,,Fri frakt,3-5 arbetsdagar,Hem & Hushåll > Hem > Husdjur
40655,Artfex skyddsgaller Mercedes EQB X243,Modellanpassat skyddsgaller till din bil. ,in_stock,,,https://www.hundbur.nu/se/products/artfex-skyddsgaller-mercedes-eqb-x243,,https://hund-katt-medusa-backend.s3.eu-north-1.amazonaws.com/Skyddsgaller 1-1716467043155.png,1945.00 kr,,,yes,7340133902196,,Artfex,,,,new,,,,,,,,,,,,,,,,,,,Fri frakt,3-5 arbetsdagar,Hem & Hushåll > Hem > Husdjur
40555,Artfex skyddsgaller Mercedes M-klass W164,Modellanpassat skyddsgaller till din bil. ,in_stock,,,https://www.hundbur.nu/se/products/artfex-skyddsgaller-mercedes-m-klass-w164,,https://hund-katt-medusa-backend.s3.eu-north-1.amazonaws.com/Skyddsgaller 1-1716467148217.png,1945.00 kr,,,yes,7340133901281,,Artfex,,,,new,,,,,,,,,,,,,,,,,,,Fri frakt,3-5 arbetsdagar,Hem & Hushåll > Hem > Husdjur
40561,Artfex skyddsgaller Mercedes C-klass S205,Modellanpassat skyddsgaller till din bil. ,in_stock,,,https://www.hundbur.nu/se/products/artfex-skyddsgaller-mercedes-c-klass-s205,,https://hund-katt-medusa-backend.s3.eu-north-1.amazonaws.com/Skyddsgaller 1-1716467188463.png,1945.00 kr,,,yes,7340133901212,,Artfex,,,,new,,,,,,,,,,,,,,,,,,,Fri frakt,3-5 arbetsdagar,Hem & Hushåll > Hem > Husdjur
40582,Artfex skyddsgaller Mercedes GLE W166 / ML W166,Modellanpassat skyddsgaller till din bil. ,in_stock,,,https://www.hundbur.nu/se/products/artfex-skyddsgaller-mercedes-gle-w166-ml-w166,,https://hund-katt-medusa-backend.s3.eu-north-1.amazonaws.com/Skyddsgaller 1-1716467233037.png,1945.00 kr,,,yes,7340133901267,,Artfex,,,,new,,,,,,,,,,,,,,,,,,,Fri frakt,3-5 arbetsdagar,Hem & Hushåll > Hem > Husdjur
40612,Artfex skyddsgaller Mercedes E-klass S213,Modellanpassat skyddsgaller till din bil. ,in_stock,,,https://www.hundbur.nu/se/products/artfex-skyddsgaller-mercedes-e-klass-s213,,https://hund-katt-medusa-backend.s3.eu-north-1.amazonaws.com/Skyddsgaller 1-1716467609131.png,1945.00 kr,,,yes,7340133901236,,Artfex,,,,new,,,,,,,,,,,,,,,,,,,Fri frakt,3-5 arbetsdagar,Hem & Hushåll > Hem > Husdjur
40655,Artfex skyddsgaller Mercedes GLB X247,Modellanpassat skyddsgaller till din bil. ,in_stock,,,https://www.hundbur.nu/se/products/artfex-skyddsgaller-mercedes-glb-x247,,https://hund-katt-medusa-backend.s3.eu-north-1.amazonaws.com/Skyddsgaller 1-1716467667784.png,1945.00 kr,,,yes,7340133902196,,Artfex,,,,new,,,,,,,,,,,,,,,,,,,Fri frakt,3-5 arbetsdagar,Hem & Hushåll > Hem > Husdjur
40660,Artfex skyddsgaller Mercedes C-klass S206,Modellanpassat skyddsgaller till din bil. ,in_stock,,,https://www.hundbur.nu/se/products/artfex-skyddsgaller-mercedes-c-klass-s206,,https://hund-katt-medusa-backend.s3.eu-north-1.amazonaws.com/Skyddsgaller 1-1716467707016.png,1945.00 kr,,,yes,7340133902295,,Artfex,,,,new,,,,,,,,,,,,,,,,,,,Fri frakt,3-5 arbetsdagar,Hem & Hushåll > Hem > Husdjur
40662,Artfex skyddsgaller Mercedes EQA H243,Modellanpassat skyddsgaller till din bil. ,in_stock,,,https://www.hundbur.nu/se/products/artfex-skyddsgaller-mercedes-eqa-h243,,https://hund-katt-medusa-backend.s3.eu-north-1.amazonaws.com/Skyddsgaller 1-1716467746088.png,1945.00 kr,,,yes,7340133902417,,Artfex,,,,new,,,,,,,,,,,,,,,,,,,Fri frakt,3-5 arbetsdagar,Hem & Hushåll > Hem > Husdjur
40682,Artfex skyddsgaller Mercedes GLC kaross X254,Modellanpassat skyddsgaller till din bil. ,in_stock,,,https://www.hundbur.nu/se/products/artfex-skyddsgaller-mercedes-glc-kaross-x254,,https://hund-katt-medusa-backend.s3.eu-north-1.amazonaws.com/Skyddsgaller 1-1716467851100.png,1945.00 kr,,,yes,7340133902615,,Artfex,,,,new,,,,,,,,,,,,,,,,,,,Fri frakt,3-5 arbetsdagar,Hem & Hushåll > Hem > Husdjur
40665,Artfex skyddsgaller MG ZS EV,Modellanpassat skyddsgaller till din bil. ,in_stock,,,https://www.hundbur.nu/se/products/artfex-skyddsgaller-mg-zs-ev,,https://hund-katt-medusa-backend.s3.eu-north-1.amazonaws.com/Skyddsgaller 1-1716467889817.png,1945.00 kr,,,yes,7340133902479,,Artfex,,,,new,,,,,,,,,,,,,,,,,,,Fri frakt,3-5 arbetsdagar,Hem & Hushåll > Hem > Husdjur
40670,Artfex skyddsgaller MG EHS,Modellanpassat skyddsgaller till din bil. ,in_stock,,,https://www.hundbur.nu/se/products/artfex-skyddsgaller-mg-ehs,,https://hund-katt-medusa-backend.s3.eu-north-1.amazonaws.com/Skyddsgaller 1-1716467926570.png,1945.00 kr,,,yes,7340133902523,,Artfex,,,,new,,,,,,,,,,,,,,,,,,,Fri frakt,3-5 arbetsdagar,Hem & Hushåll > Hem > Husdjur
40679,Artfex skyddsgaller MG 5,Modellanpassat skyddsgaller till din bil. ,in_stock,,,https://www.hundbur.nu/se/products/artfex-skyddsgaller-mg-5,,https://hund-katt-medusa-backend.s3.eu-north-1.amazonaws.com/Skyddsgaller 1-1716467972256.png,1945.00 kr,,,yes,7340133902585,,Artfex,,,,new,,,,,,,,,,,,,,,,,,,Fri frakt,3-5 arbetsdagar,Hem & Hushåll > Hem > Husdjur
40495,Artfex skyddsgaller Mitsubishi ASX,Modellanpassat skyddsgaller till din bil. ,in_stock,,,https://www.hundbur.nu/se/products/artfex-skyddsgaller-mitsubishi-asx,,https://hund-katt-medusa-backend.s3.eu-north-1.amazonaws.com/Skyddsgaller 1-1716468011824.png,1945.00 kr,,,yes,7340133900666,,Artfex,,,,new,,,,,,,,,,,,,,,,,,,Fri frakt,3-5 arbetsdagar,Hem & Hushåll > Hem > Husdjur
40431,Artfex skyddsgaller Mitsubishi Outlander 2006-2012,Modellanpassat skyddsgaller till din bil. ,in_stock,,,https://www.hundbur.nu/se/products/artfex-skyddsgaller-mitsubishi-outlander-2006-2012,,https://hund-katt-medusa-backend.s3.eu-north-1.amazonaws.com/Skyddsgaller 1-1716468094916.png,1945.00 kr,,,yes,7340133900697,,Artfex,,,,new,,,,,,,,,,,,,,,,,,,Fri frakt,3-5 arbetsdagar,Hem & Hushåll > Hem > Husdjur
40514,Artfex skyddsgaller Mitsubishi Outlander 2013-,Modellanpassat skyddsgaller till din bil. ,in_stock,,,https://www.hundbur.nu/se/products/artfex-skyddsgaller-mitsubishi-outlander-2013,,https://hund-katt-medusa-backend.s3.eu-north-1.amazonaws.com/Skyddsgaller 1-1716468177603.png,1945.00 kr,,,yes,7340133901304,,Artfex,,,,new,,,,,,,,,,,,,,,,,,,Fri frakt,3-5 arbetsdagar,Hem & Hushåll > Hem > Husdjur
40550,Artfex skyddsgaller Nissan Qashqai +2 Gen I,Modellanpassat skyddsgaller till din bil. ,in_stock,,,https://www.hundbur.nu/se/products/artfex-skyddsgaller-nissan-qashqai-2-gen-i,,https://hund-katt-medusa-backend.s3.eu-north-1.amazonaws.com/Skyddsgaller 1-1716468260580.png,1945.00 kr,,,yes,7340133901328,,Artfex,,,,new,,,,,,,,,,,,,,,,,,,Fri frakt,3-5 arbetsdagar,Hem & Hushåll > Hem > Husdjur
40563,Artfex skyddsgaller Nissan Qashqai Gen II,Modellanpassat skyddsgaller till din bil. ,in_stock,,,https://www.hundbur.nu/se/products/artfex-skyddsgaller-nissan-qashqai-gen-ii,,https://hund-katt-medusa-backend.s3.eu-north-1.amazonaws.com/Skyddsgaller 1-1716468301560.png,1945.00 kr,,,yes,7340133901311,,Artfex,,,,new,,,,,,,,,,,,,,,,,,,Fri frakt,3-5 arbetsdagar,Hem & Hushåll > Hem > Husdjur
40669,Artfex skyddsgaller Nissan Leaf generation II,Modellanpassat skyddsgaller till din bil. ,in_stock,,,https://www.hundbur.nu/se/products/artfex-skyddsgaller-nissan-leaf-generation-ii,,https://hund-katt-medusa-backend.s3.eu-north-1.amazonaws.com/Skyddsgaller 1-1716468340417.png,1945.00 kr,,,yes,7340133902516,,Artfex,,,,new,,,,,,,,,,,,,,,,,,,Fri frakt,3-5 arbetsdagar,Hem & Hushåll > Hem > Husdjur
40493,Artfex skyddsgaller Opel Insignia Sport Tourer Gen I,Modellanpassat skyddsgaller till din bil. ,in_stock,,,https://www.hundbur.nu/se/products/artfex-skyddsgaller-opel-insignia-sport-tourer-gen-i,,https://hund-katt-medusa-backend.s3.eu-north-1.amazonaws.com/Skyddsgaller 1-1716468378901.png,1945.00 kr,,,yes,7340133901366,,Artfex,,,,new,,,,,,,,,,,,,,,,,,,Fri frakt,3-5 arbetsdagar,Hem & Hushåll > Hem > Husdjur
40492,Artfex skyddsgaller Opel Astra Sporttourer 2011-2016,Modellanpassat skyddsgaller till din bil. ,in_stock,,,https://www.hundbur.nu/se/products/artfex-skyddsgaller-opel-astra-sporttourer-2011-2016,,https://hund-katt-medusa-backend.s3.eu-north-1.amazonaws.com/Skyddsgaller 1-1716468418707.png,1945.00 kr,,,yes,7340133901342,,Artfex,,,,new,,,,,,,,,,,,,,,,,,,Fri frakt,3-5 arbetsdagar,Hem & Hushåll > Hem > Husdjur
40542,Artfex skyddsgaller Opel Mokka,Modellanpassat skyddsgaller till din bil. ,in_stock,,,https://www.hundbur.nu/se/products/artfex-skyddsgaller-opel-mokka,,https://hund-katt-medusa-backend.s3.eu-north-1.amazonaws.com/Skyddsgaller 1-1716468485892.png,1945.00 kr,,,yes,7340133900635,,Artfex,,,,new,,,,,,,,,,,,,,,,,,,Fri frakt,3-5 arbetsdagar,Hem & Hushåll > Hem > Husdjur
40591,Artfex skyddsgaller Opel Combo Kombi,Modellanpassat skyddsgaller till din bil. ,in_stock,,,https://www.hundbur.nu/se/products/artfex-skyddsgaller-opel-combo-kombi,,https://hund-katt-medusa-backend.s3.eu-north-1.amazonaws.com/Skyddsgaller 1-1716468531766.png,2045.00 kr,,,yes,7340133900741,,Artfex,,,,new,,,,,,,,,,,,,,,,,,,Fri frakt,3-5 arbetsdagar,Hem & Hushåll > Hem > Husdjur
40606,Artfex skyddsgaller Opel Astra Sports Tourer Gen V,Modellanpassat skyddsgaller till din bil. ,in_stock,,,https://www.hundbur.nu/se/products/artfex-skyddsgaller-opel-astra-sports-tourer-gen-v,,https://hund-katt-medusa-backend.s3.eu-north-1.amazonaws.com/Skyddsgaller 1-1716468570334.png,1945.00 kr,,,yes,7340133901335,,Artfex,,,,new,,,,,,,,,,,,,,,,,,,Fri frakt,3-5 arbetsdagar,Hem & Hushåll > Hem > Husdjur
40607,Artfex skyddsgaller Opel Insignia Sports Tourer Gen II,Modellanpassat skyddsgaller till din bil. ,in_stock,,,https://www.hundbur.nu/se/products/artfex-skyddsgaller-opel-insignia-sports-tourer-gen-ii,,https://hund-katt-medusa-backend.s3.eu-north-1.amazonaws.com/Skyddsgaller 1-1716468608001.png,1945.00 kr,,,yes,7340133901359,,Artfex,,,,new,,,,,,,,,,,,,,,,,,,Fri frakt,3-5 arbetsdagar,Hem & Hushåll > Hem > Husdjur
40586,Artfex skyddsgaller Peugeot Partner Tepee gen II 2008-,Modellanpassat skyddsgaller till din bil. ,in_stock,,,https://www.hundbur.nu/se/products/artfex-skyddsgaller-peugeot-partner-tepee-gen-ii-2008,,https://hund-katt-medusa-backend.s3.eu-north-1.amazonaws.com/Skyddsgaller 1-1716468649215.png,2045.00 kr,,,yes,7340133900642,,Artfex,,,,new,,,,,,,,,,,,,,,,,,,Fri frakt,3-5 arbetsdagar,Hem & Hushåll > Hem > Husdjur
40410,Artfex skyddsgaller Peugeot 307 Kombi,Modellanpassat skyddsgaller till din bil. ,in_stock,,,https://www.hundbur.nu/se/products/artfex-skyddsgaller-peugeot-307-kombi,,https://hund-katt-medusa-backend.s3.eu-north-1.amazonaws.com/Skyddsgaller 1-1716468691222.png,1945.00 kr,,,yes,7340133901380,,Artfex,,,,new,,,,,,,,,,,,,,,,,,,Fri frakt,3-5 arbetsdagar,Hem & Hushåll > Hem > Husdjur
40393,Artfex skyddsgaller Peugeot 307 SW,Modellanpassat skyddsgaller till din bil. ,in_stock,,,https://www.hundbur.nu/se/products/artfex-skyddsgaller-peugeot-307-sw,,https://hund-katt-medusa-backend.s3.eu-north-1.amazonaws.com/Skyddsgaller 1-1716468756578.png,1945.00 kr,,,yes,7340133901397,,Artfex,,,,new,,,,,,,,,,,,,,,,,,,Fri frakt,3-5 arbetsdagar,Hem & Hushåll > Hem > Husdjur
40370,Artfex skyddsgaller Peugeot 308 gen I,Modellanpassat skyddsgaller till din bil. ,in_stock,,,https://www.hundbur.nu/se/products/artfex-skyddsgaller-peugeot-308-gen-i,,https://hund-katt-medusa-backend.s3.eu-north-1.amazonaws.com/Skyddsgaller 1-1716468791467.png,1945.00 kr,,,yes,7340133901403,,Artfex,,,,new,,,,,,,,,,,,,,,,,,,Fri frakt,3-5 arbetsdagar,Hem & Hushåll > Hem > Husdjur
40371,Artfex skyddsgaller Peugeot 308 SW gen I,Modellanpassat skyddsgaller till din bil. ,in_stock,,,https://www.hundbur.nu/se/products/artfex-skyddsgaller-peugeot-308-sw-gen-i,,https://hund-katt-medusa-backend.s3.eu-north-1.amazonaws.com/Skyddsgaller 1-1716468826628.png,1945.00 kr,,,yes,7340133901427,,Artfex,,,,new,,,,,,,,,,,,,,,,,,,Fri frakt,3-5 arbetsdagar,Hem & Hushåll > Hem > Husdjur
40558,Artfex skyddsgaller Peugeot 308 SW gen II,Modellanpassat skyddsgaller till din bil. ,in_stock,,,https://www.hundbur.nu/se/products/artfex-skyddsgaller-peugeot-308-sw-gen-ii,,https://hund-katt-medusa-backend.s3.eu-north-1.amazonaws.com/Skyddsgaller 1-1716468863098.png,1945.00 kr,,,yes,7340133901410,,Artfex,,,,new,,,,,,,,,,,,,,,,,,,Fri frakt,3-5 arbetsdagar,Hem & Hushåll > Hem > Husdjur
40372,Artfex skyddsgaller Peugeot 407 SW,Modellanpassat skyddsgaller till din bil. ,in_stock,,,https://www.hundbur.nu/se/products/artfex-skyddsgaller-peugeot-407-sw,,https://hund-katt-medusa-backend.s3.eu-north-1.amazonaws.com/Skyddsgaller 1-1716468905281.png,1945.00 kr,,,yes,7340133901441,,Artfex,,,,new,,,,,,,,,,,,,,,,,,,Fri frakt,3-5 arbetsdagar,Hem & Hushåll > Hem > Husdjur
40596,Artfex skyddsgaller Peugeot 3008 gen II,Modellanpassat skyddsgaller till din bil. ,in_stock,,,https://www.hundbur.nu/se/products/artfex-skyddsgaller-peugeot-3008-gen-ii,,https://hund-katt-medusa-backend.s3.eu-north-1.amazonaws.com/Skyddsgaller 1-1716468943236.png,1945.00 kr,,,yes,7340133901489,,Artfex,,,,new,,,,,,,,,,,,,,,,,,,Fri frakt,3-5 arbetsdagar,Hem & Hushåll > Hem > Husdjur
40453,Artfex skyddsgaller Peugeot 508 SW gen I,Modellanpassat skyddsgaller till din bil. ,in_stock,,,https://www.hundbur.nu/se/products/artfex-skyddsgaller-peugeot-508-sw-gen-i,,https://hund-katt-medusa-backend.s3.eu-north-1.amazonaws.com/Skyddsgaller 1-1716468990327.png,1945.00 kr,,,yes,7340133901458,,Artfex,,,,new,,,,,,,,,,,,,,,,,,,Fri frakt,3-5 arbetsdagar,Hem & Hushåll > Hem > Husdjur
40434,Artfex skyddsgaller Peugeot 3008 gen I,Modellanpassat skyddsgaller till din bil. ,in_stock,,,https://www.hundbur.nu/se/products/artfex-skyddsgaller-peugeot-3008-gen-i,,https://hund-katt-medusa-backend.s3.eu-north-1.amazonaws.com/Skyddsgaller 1-1716469024063.png,1945.00 kr,,,yes,7340133901472,,Artfex,,,,new,,,,,,,,,,,,,,,,,,,Fri frakt,3-5 arbetsdagar,Hem & Hushåll > Hem > Husdjur
40431,Artfex skyddsgaller Peugeot 4007,Modellanpassat skyddsgaller till din bil. ,in_stock,,,https://www.hundbur.nu/se/products/artfex-skyddsgaller-peugeot-4007,,https://hund-katt-medusa-backend.s3.eu-north-1.amazonaws.com/Skyddsgaller 1-1716469059830.png,1945.00 kr,,,yes,7340133900697,,Artfex,,,,new,,,,,,,,,,,,,,,,,,,Fri frakt,3-5 arbetsdagar,Hem & Hushåll > Hem > Husdjur
40435,Artfex skyddsgaller Peugeot 5008 gen I,Modellanpassat skyddsgaller till din bil. ,in_stock,,,https://www.hundbur.nu/se/products/artfex-skyddsgaller-peugeot-5008-gen-i,,https://hund-katt-medusa-backend.s3.eu-north-1.amazonaws.com/Skyddsgaller 1-1716469100173.png,1945.00 kr,,,yes,7340133901496,,Artfex,,,,new,,,,,,,,,,,,,,,,,,,Fri frakt,3-5 arbetsdagar,Hem & Hushåll > Hem > Husdjur
40543,Artfex skyddsgaller Peugeot 2008 gen I,Modellanpassat skyddsgaller till din bil. ,in_stock,,,https://www.hundbur.nu/se/products/artfex-skyddsgaller-peugeot-2008-gen-i,,https://hund-katt-medusa-backend.s3.eu-north-1.amazonaws.com/Skyddsgaller 1-1716469144474.png,1945.00 kr,,,yes,7340133901465,,Artfex,,,,new,,,,,,,,,,,,,,,,,,,Fri frakt,3-5 arbetsdagar,Hem & Hushåll > Hem > Husdjur
40610,Artfex skyddsgaller Peugeot 5008 gen II,Modellanpassat skyddsgaller till din bil. ,in_stock,,,https://www.hundbur.nu/se/products/artfex-skyddsgaller-peugeot-5008-gen-ii,,https://hund-katt-medusa-backend.s3.eu-north-1.amazonaws.com/Skyddsgaller 1-1716469181983.png,1945.00 kr,,,yes,7340133901502,,Artfex,,,,new,,,,,,,,,,,,,,,,,,,Fri frakt,3-5 arbetsdagar,Hem & Hushåll > Hem > Husdjur
40630,Artfex skyddsgaller Peugeot Rifter 2019-,Modellanpassat skyddsgaller till din bil. ,in_stock,,,https://www.hundbur.nu/se/products/artfex-skyddsgaller-peugeot-rifter-2019,,https://hund-katt-medusa-backend.s3.eu-north-1.amazonaws.com/Skyddsgaller 1-1716469234124.png,2045.00 kr,,,yes,7340133900659,,Artfex,,,,new,,,,,,,,,,,,,,,,,,,Fri frakt,3-5 arbetsdagar,Hem & Hushåll > Hem > Husdjur
40635,Artfex skyddsgaller Peugeot 508 SW gen II,Modellanpassat skyddsgaller till din bil. ,in_stock,,,https://www.hundbur.nu/se/products/artfex-skyddsgaller-peugeot-508-sw-gen-ii,,https://hund-katt-medusa-backend.s3.eu-north-1.amazonaws.com/Skyddsgaller 1-1716469270823.png,1945.00 kr,,,yes,7340133902035,,Artfex,,,,new,,,,,,,,,,,,,,,,,,,Fri frakt,3-5 arbetsdagar,Hem & Hushåll > Hem > Husdjur
40659,Artfex skyddsgaller Peugeot 2008 gen II & E-2008,Modellanpassat skyddsgaller till din bil. ,in_stock,,,https://www.hundbur.nu/se/products/artfex-skyddsgaller-peugeot-2008-gen-ii-e-2008,,https://hund-katt-medusa-backend.s3.eu-north-1.amazonaws.com/Skyddsgaller 1-1716469391913.png,1945.00 kr,,,yes,7340133902301,,Artfex,,,,new,,,,,,,,,,,,,,,,,,,Fri frakt,3-5 arbetsdagar,Hem & Hushåll > Hem > Husdjur
40480,Artfex skyddsgaller Saab 9-3,Modellanpassat skyddsgaller till din bil. ,in_stock,,,https://www.hundbur.nu/se/products/artfex-skyddsgaller-saab-9-3,,https://hund-katt-medusa-backend.s3.eu-north-1.amazonaws.com/Skyddsgaller 1-1716469430794.png,1945.00 kr,,,yes,7340133901519,,Artfex,,,,new,,,,,,,,,,,,,,,,,,,Fri frakt,3-5 arbetsdagar,Hem & Hushåll > Hem > Husdjur
40481,Artfex skyddsgaller Saab 9-5,Modellanpassat skyddsgaller till din bil. ,in_stock,,,https://www.hundbur.nu/se/products/artfex-skyddsgaller-saab-9-5,,https://hund-katt-medusa-backend.s3.eu-north-1.amazonaws.com/Skyddsgaller 1-1716469466265.png,1945.00 kr,,,yes,7340133901526,,Artfex,,,,new,,,,,,,,,,,,,,,,,,,Fri frakt,3-5 arbetsdagar,Hem & Hushåll > Hem > Husdjur
40554,Artfex skyddsgaller Seat Leon ST gen III,Modellanpassat skyddsgaller till din bil. ,in_stock,,,https://www.hundbur.nu/se/products/artfex-skyddsgaller-seat-leon-st-gen-iii,,https://hund-katt-medusa-backend.s3.eu-north-1.amazonaws.com/Skyddsgaller 1-1716469531164.png,1945.00 kr,,,yes,7340133901533,,Artfex,,,,new,,,,,,,,,,,,,,,,,,,Fri frakt,3-5 arbetsdagar,Hem & Hushåll > Hem > Husdjur
40595,Artfex skyddsgaller Skoda Fabia kombi Gen III,Modellanpassat skyddsgaller till din bil. ,in_stock,,,https://www.hundbur.nu/se/products/artfex-skyddsgaller-skoda-fabia-kombi-gen-iii,,https://hund-katt-medusa-backend.s3.eu-north-1.amazonaws.com/Skyddsgaller 1-1716469591582.png,1945.00 kr,,,yes,7340133901540,,Artfex,,,,new,,,,,,,,,,,,,,,,,,,Fri frakt,3-5 arbetsdagar,Hem & Hushåll > Hem > Husdjur
40498,Artfex skyddsgaller Skoda Octavia Kombi Gen II,Modellanpassat skyddsgaller till din bil. ,in_stock,,,https://www.hundbur.nu/se/products/artfex-skyddsgaller-skoda-octavia-kombi-gen-ii,,https://hund-katt-medusa-backend.s3.eu-north-1.amazonaws.com/Skyddsgaller 1-1716469628034.png,1945.00 kr,,,yes,7340133901571,,Artfex,,,,new,,,,,,,,,,,,,,,,,,,Fri frakt,3-5 arbetsdagar,Hem & Hushåll > Hem > Husdjur
40540,Artfex skyddsgaller Skoda Octavia Gen III,Modellanpassat skyddsgaller till din bil. ,in_stock,,,https://www.hundbur.nu/se/products/artfex-skyddsgaller-skoda-octavia-gen-iii,,https://hund-katt-medusa-backend.s3.eu-north-1.amazonaws.com/Skyddsgaller 1-1716469665526.png,1945.00 kr,,,yes,7340133901564,,Artfex,,,,new,,,,,,,,,,,,,,,,,,,Fri frakt,3-5 arbetsdagar,Hem & Hushåll > Hem > Husdjur
40654,Artfex skyddsgaller Skoda Octavia Kombi Gen IV,Modellanpassat skyddsgaller till din bil. ,in_stock,,,https://www.hundbur.nu/se/products/artfex-skyddsgaller-skoda-octavia-kombi-gen-iv,,https://hund-katt-medusa-backend.s3.eu-north-1.amazonaws.com/Skyddsgaller 1-1716469708255.png,1945.00 kr,,,yes,7340133902165,,Artfex,,,,new,,,,,,,,,,,,,,,,,,,Fri frakt,3-5 arbetsdagar,Hem & Hushåll > Hem > Husdjur
40619,Artfex skyddsgaller Skoda Kodiaq Gen I,Modellanpassat skyddsgaller till din bil. ,in_stock,,,https://www.hundbur.nu/se/products/artfex-skyddsgaller-skoda-kodiaq-gen-i,,https://hund-katt-medusa-backend.s3.eu-north-1.amazonaws.com/Skyddsgaller 1-1716469764426.png,1945.00 kr,,,yes,7340133901557,,Artfex,,,,new,,,,,,,,,,,,,,,,,,,Fri frakt,3-5 arbetsdagar,Hem & Hushåll > Hem > Husdjur
40641,Artfex skyddsgaller Skoda Superb Kombi Gen III,Modellanpassat skyddsgaller till din bil. ,in_stock,,,https://www.hundbur.nu/se/products/artfex-skyddsgaller-skoda-superb-kombi-gen-iii,,https://hund-katt-medusa-backend.s3.eu-north-1.amazonaws.com/Skyddsgaller 1-1716469798923.png,1945.00 kr,,,yes,7340133902066,,Artfex,,,,new,,,,,,,,,,,,,,,,,,,Fri frakt,3-5 arbetsdagar,Hem & Hushåll > Hem > Husdjur
40581,Artfex skyddsgaller Subaru Levorg,Modellanpassat skyddsgaller till din bil. ,in_stock,,,https://www.hundbur.nu/se/products/artfex-skyddsgaller-subaru-levorg,,https://hund-katt-medusa-backend.s3.eu-north-1.amazonaws.com/Skyddsgaller 1-1716469837144.png,1945.00 kr,,,yes,7340133901625,,Artfex,,,,new,,,,,,,,,,,,,,,,,,,Fri frakt,3-5 arbetsdagar,Hem & Hushåll > Hem > Husdjur
40408,Artfex skyddsgaller Subaru Legacy Gen III & Outback Gen III,Modellanpassat skyddsgaller till din bil. ,in_stock,,,https://www.hundbur.nu/se/products/artfex-skyddsgaller-subaru-legacy-gen-iii-outback-gen-iii,,https://hund-katt-medusa-backend.s3.eu-north-1.amazonaws.com/Skyddsgaller 1-1716469876567.png,1945.00 kr,,,yes,7340133901656,,Artfex,,,,new,,,,,,,,,,,,,,,,,,,Fri frakt,3-5 arbetsdagar,Hem & Hushåll > Hem > Husdjur
40391,Artfex skyddsgaller Subaru Legacy Gen IV & Outback Gen IV,Modellanpassat skyddsgaller till din bil. ,in_stock,,,https://www.hundbur.nu/se/products/artfex-skyddsgaller-subaru-legacy-gen-iv-outback-gen-iv,,https://hund-katt-medusa-backend.s3.eu-north-1.amazonaws.com/Skyddsgaller 1-1716469920675.png,1945.00 kr,,,yes,7340133901649,,Artfex,,,,new,,,,,,,,,,,,,,,,,,,Fri frakt,3-5 arbetsdagar,Hem & Hushåll > Hem > Husdjur
40569,Artfex skyddsgaller Subaru Outback Gen V,Modellanpassat skyddsgaller till din bil. ,in_stock,,,https://www.hundbur.nu/se/products/artfex-skyddsgaller-subaru-outback-gen-v,,https://hund-katt-medusa-backend.s3.eu-north-1.amazonaws.com/Skyddsgaller 1-1716469955755.png,1945.00 kr,,,yes,7340133901632,,Artfex,,,,new,,,,,,,,,,,,,,,,,,,Fri frakt,3-5 arbetsdagar,Hem & Hushåll > Hem > Husdjur
40400,Artfex skyddsgaller Subaru Forester Gen I,Modellanpassat skyddsgaller till din bil. ,in_stock,,,https://www.hundbur.nu/se/products/artfex-skyddsgaller-subaru-forester-gen-i,,https://hund-katt-medusa-backend.s3.eu-north-1.amazonaws.com/Skyddsgaller 1-1716470009553.png,1945.00 kr,,,yes,7340133901601,,Artfex,,,,new,,,,,,,,,,,,,,,,,,,Fri frakt,3-5 arbetsdagar,Hem & Hushåll > Hem > Husdjur
40485,Artfex skyddsgaller Subaru Forester Gen II,Modellanpassat skyddsgaller till din bil. ,in_stock,,,https://www.hundbur.nu/se/products/artfex-skyddsgaller-subaru-forester-gen-ii,,https://hund-katt-medusa-backend.s3.eu-north-1.amazonaws.com/Skyddsgaller 1-1716470044995.png,1945.00 kr,,,yes,7340133901595,,Artfex,,,,new,,,,,,,,,,,,,,,,,,,Fri frakt,3-5 arbetsdagar,Hem & Hushåll > Hem > Husdjur
40390,Artfex skyddsgaller Subaru Forester Gen III,Modellanpassat skyddsgaller till din bil. ,in_stock,,,https://www.hundbur.nu/se/products/artfex-skyddsgaller-subaru-forester-gen-iii,,https://hund-katt-medusa-backend.s3.eu-north-1.amazonaws.com/Skyddsgaller 1-1716470078515.png,1945.00 kr,,,yes,7340133901588,,Artfex,,,,new,,,,,,,,,,,,,,,,,,,Fri frakt,3-5 arbetsdagar,Hem & Hushåll > Hem > Husdjur
40524,Artfex skyddsgaller Subaru Forester Gen IV,Modellanpassat skyddsgaller till din bil. ,in_stock,,,https://www.hundbur.nu/se/products/artfex-skyddsgaller-subaru-forester-gen-iv,,https://hund-katt-medusa-backend.s3.eu-north-1.amazonaws.com/Skyddsgaller 1-1716470115906.png,1945.00 kr,,,yes,7340133902028,,Artfex,,,,new,,,,,,,,,,,,,,,,,,,Fri frakt,3-5 arbetsdagar,Hem & Hushåll > Hem > Husdjur
40392,Artfex skyddsgaller Subaru Impreza Gen III,Modellanpassat skyddsgaller till din bil. ,in_stock,,,https://www.hundbur.nu/se/products/artfex-skyddsgaller-subaru-impreza-gen-iii,,https://hund-katt-medusa-backend.s3.eu-north-1.amazonaws.com/Skyddsgaller 1-1716470156500.png,1945.00 kr,,,yes,7340133901618,,Artfex,,,,new,,,,,,,,,,,,,,,,,,,Fri frakt,3-5 arbetsdagar,Hem & Hushåll > Hem > Husdjur
40500,Artfex skyddsgaller Subaru Impreza Gen IV & XV Gen I,Modellanpassat skyddsgaller till din bil. ,in_stock,,,https://www.hundbur.nu/se/products/artfex-skyddsgaller-subaru-impreza-gen-iv-xv-gen-i,,https://hund-katt-medusa-backend.s3.eu-north-1.amazonaws.com/Skyddsgaller 1-1716470262871.png,1945.00 kr,,,yes,7340133901670,,Artfex,,,,new,,,,,,,,,,,,,,,,,,,Fri frakt,3-5 arbetsdagar,Hem & Hushåll > Hem > Husdjur
40620,Artfex skyddsgaller Subaru Impreza Gen V & XV Gen II,Modellanpassat skyddsgaller till din bil. ,in_stock,,,https://www.hundbur.nu/se/products/artfex-skyddsgaller-subaru-impreza-gen-v-xv-gen-ii,,https://hund-katt-medusa-backend.s3.eu-north-1.amazonaws.com/Skyddsgaller 1-1716470298050.png,1945.00 kr,,,yes,7340133901663,,Artfex,,,,new,,,,,,,,,,,,,,,,,,,Fri frakt,3-5 arbetsdagar,Hem & Hushåll > Hem > Husdjur
40637,Artfex skyddsgaller Subaru Forester E-boxer gen V,Modellanpassat skyddsgaller till din bil. ,in_stock,,,https://www.hundbur.nu/se/products/artfex-skyddsgaller-subaru-forester-e-boxer-gen-v,,https://hund-katt-medusa-backend.s3.eu-north-1.amazonaws.com/Skyddsgaller 1-1716470334950.png,1945.00 kr,,,yes,7340133902042,,Artfex,,,,new,,,,,,,,,,,,,,,,,,,Fri frakt,3-5 arbetsdagar,Hem & Hushåll > Hem > Husdjur
40656,Artfex skyddsgaller Subaru Outback Gen VI,Modellanpassat skyddsgaller till din bil. ,in_stock,,,https://www.hundbur.nu/se/products/artfex-skyddsgaller-subaru-outback-gen-vi,,https://hund-katt-medusa-backend.s3.eu-north-1.amazonaws.com/Skyddsgaller 1-1716470370534.png,1945.00 kr,,,yes,7340133902189,,Artfex,,,,new,,,,,,,,,,,,,,,,,,,Fri frakt,3-5 arbetsdagar,Hem & Hushåll > Hem > Husdjur
40690,Artfex skyddsgaller Subaru Solterra,Modellanpassat skyddsgaller till din bil. ,in_stock,,,https://www.hundbur.nu/se/products/artfex-skyddsgaller-subaru-solterra,,https://hund-katt-medusa-backend.s3.eu-north-1.amazonaws.com/Skyddsgaller 1-1716480710634.png,1945.00 kr,,,yes,7340133902660,,Artfex,,,,new,,,,,,,,,,,,,,,,,,,Fri frakt,3-5 arbetsdagar,Hem & Hushåll > Hem > Husdjur
40271,Artfex skyddsgaller Suzuki Grand Vitara Gen III,Modellanpassat skyddsgaller till din bil. ,in_stock,,,https://www.hundbur.nu/se/products/artfex-skyddsgaller-suzuki-grand-vitara-gen-iii,,https://hund-katt-medusa-backend.s3.eu-north-1.amazonaws.com/Skyddsgaller 1-1716490115105.png,1945.00 kr,,,yes,7340133901687,,Artfex,,,,new,,,,,,,,,,,,,,,,,,,Fri frakt,3-5 arbetsdagar,Hem & Hushåll > Hem > Husdjur
40366,Artfex skyddsgaller Suzuki SX-4 2006-2013,Modellanpassat skyddsgaller till din bil. ,out_of_stock,,,https://www.hundbur.nu/se/products/artfex-skyddsgaller-suzuki-sx-4-2006-2013,,,1945.00 kr,,,yes,7340133900758,,Artfex,,,,new,,,,,,,,,,,,,,,,,,,Fri frakt,3-5 arbetsdagar,Hem & Hushåll > Hem > Husdjur
40557,Artfex skyddsgaller Suzuki S-cross gen III & SX4 S-Cross Gen II,Modellanpassat skyddsgaller till din bil. ,in_stock,,,https://www.hundbur.nu/se/products/artfex-skyddsgaller-suzuki-s-cross-gen-iii-sx4-s-cross-gen-ii,,https://hund-katt-medusa-backend.s3.eu-north-1.amazonaws.com/Skyddsgaller 1-1716490164738.png,1945.00 kr,,,yes,7340133901694,,Artfex,,,,new,,,,,,,,,,,,,,,,,,,Fri frakt,3-5 arbetsdagar,Hem & Hushåll > Hem > Husdjur
40617,Artfex skyddsgaller Suzuki Vitara Gen IV,Modellanpassat skyddsgaller till din bil. ,in_stock,,,https://www.hundbur.nu/se/products/artfex-skyddsgaller-suzuki-vitara-gen-iv,,https://hund-katt-medusa-backend.s3.eu-north-1.amazonaws.com/Skyddsgaller 1-1716490225408.png,1945.00 kr,,,yes,7340133901700,,Artfex,,,,new,,,,,,,,,,,,,,,,,,,Fri frakt,3-5 arbetsdagar,Hem & Hushåll > Hem > Husdjur
40632,Artfex skyddsgaller Suzuki Swace,Modellanpassat skyddsgaller till din bil. ,in_stock,,,https://www.hundbur.nu/se/products/artfex-skyddsgaller-suzuki-swace,,https://hund-katt-medusa-backend.s3.eu-north-1.amazonaws.com/Skyddsgaller 1-1716490274181.png,1945.00 kr,,,yes,7340133901793,,Artfex,,,,new,,,,,,,,,,,,,,,,,,,Fri frakt,3-5 arbetsdagar,Hem & Hushåll > Hem > Husdjur
40633,Artfex skyddsgaller Suzuki Across,Modellanpassat skyddsgaller till din bil. ,in_stock,,,https://www.hundbur.nu/se/products/artfex-skyddsgaller-suzuki-across,,https://hund-katt-medusa-backend.s3.eu-north-1.amazonaws.com/Skyddsgaller 1-1716490312110.png,1945.00 kr,,,yes,7340133901786,,Artfex,,,,new,,,,,,,,,,,,,,,,,,,Fri frakt,3-5 arbetsdagar,Hem & Hushåll > Hem > Husdjur
40638,Artfex skyddsgaller Tesla X,Modellanpassat skyddsgaller till din bil. ,in_stock,,,https://www.hundbur.nu/se/products/artfex-skyddsgaller-tesla-x,,https://hund-katt-medusa-backend.s3.eu-north-1.amazonaws.com/Skyddsgaller 1-1716490358231.png,1945.00 kr,,,yes,7340133902059,,Artfex,,,,new,,,,,,,,,,,,,,,,,,,Fri frakt,3-5 arbetsdagar,Hem & Hushåll > Hem > Husdjur
40381,Artfex skyddsgaller Toyota Avensis Gen III,Modellanpassat skyddsgaller till din bil. ,in_stock,,,https://www.hundbur.nu/se/products/artfex-skyddsgaller-toyota-avensis-gen-iii,,https://hund-katt-medusa-backend.s3.eu-north-1.amazonaws.com/Skyddsgaller 1-1716490394821.png,1945.00 kr,,,yes,7340133901724,,Artfex,,,,new,,,,,,,,,,,,,,,,,,,Fri frakt,3-5 arbetsdagar,Hem & Hushåll > Hem > Husdjur
40545,Artfex skyddsgaller Toyota Auris Touring Sports,Modellanpassat skyddsgaller till din bil. ,in_stock,,,https://www.hundbur.nu/se/products/artfex-skyddsgaller-toyota-auris-touring-sports,,https://hund-katt-medusa-backend.s3.eu-north-1.amazonaws.com/Skyddsgaller 1-1716490434096.png,1945.00 kr,,,yes,7340133901717,,Artfex,,,,new,,,,,,,,,,,,,,,,,,,Fri frakt,3-5 arbetsdagar,Hem & Hushåll > Hem > Husdjur
40374,Artfex skyddsgaller Toyota Corolla Verso Gen IX,Modellanpassat skyddsgaller till din bil. ,in_stock,,,https://www.hundbur.nu/se/products/artfex-skyddsgaller-toyota-corolla-verso-gen-ix,,https://hund-katt-medusa-backend.s3.eu-north-1.amazonaws.com/Skyddsgaller 1-1716490471397.png,1945.00 kr,,,yes,7340133901731,,Artfex,,,,new,,,,,,,,,,,,,,,,,,,Fri frakt,3-5 arbetsdagar,Hem & Hushåll > Hem > Husdjur
40105,Artfex skyddsgaller Toyota LandCruiser 120,Modellanpassat skyddsgaller till din bil. ,in_stock,,,https://www.hundbur.nu/se/products/artfex-skyddsgaller-toyota-landcruiser-120,,https://hund-katt-medusa-backend.s3.eu-north-1.amazonaws.com/Skyddsgaller 1-1716490562602.png,2045.00 kr,,,yes,7340133901748,,Artfex,,,,new,,,,,,,,,,,,,,,,,,,Fri frakt,3-5 arbetsdagar,Hem & Hushåll > Hem > Husdjur
40286,Artfex skyddsgaller Toyota RAV 4 Gen III,Modellanpassat skyddsgaller till din bil. ,in_stock,,,https://www.hundbur.nu/se/products/artfex-skyddsgaller-toyota-rav-4-gen-iii,,https://hund-katt-medusa-backend.s3.eu-north-1.amazonaws.com/Skyddsgaller 1-1716490690061.png,1945.00 kr,,,yes,7340133901762,,Artfex,,,,new,,,,,,,,,,,,,,,,,,,Fri frakt,3-5 arbetsdagar,Hem & Hushåll > Hem > Husdjur
40539,Artfex skyddsgaller Toyota RAV 4 gen IV,Modellanpassat skyddsgaller till din bil. ,in_stock,,,https://www.hundbur.nu/se/products/artfex-skyddsgaller-toyota-rav-4-gen-iv,,https://hund-katt-medusa-backend.s3.eu-north-1.amazonaws.com/Skyddsgaller 1-1716490735667.png,1945.00 kr,,,yes,7340133901779,,Artfex,,,,new,,,,,,,,,,,,,,,,,,,Fri frakt,3-5 arbetsdagar,Hem & Hushåll > Hem > Husdjur
40489,Artfex skyddsgaller Toyota Verso,Modellanpassat skyddsgaller till din bil. ,in_stock,,,https://www.hundbur.nu/se/products/artfex-skyddsgaller-toyota-verso,,https://hund-katt-medusa-backend.s3.eu-north-1.amazonaws.com/Skyddsgaller 1-1716490775797.png,1945.00 kr,,,yes,7340133902011,,Artfex,,,,new,,,,,,,,,,,,,,,,,,,Fri frakt,3-5 arbetsdagar,Hem & Hushåll > Hem > Husdjur
40568,Artfex skyddsgaller Toyota Prius +,Modellanpassat skyddsgaller till din bil. ,in_stock,,,https://www.hundbur.nu/se/products/artfex-skyddsgaller-toyota-prius,,https://hund-katt-medusa-backend.s3.eu-north-1.amazonaws.com/Skyddsgaller 1-1716490833105.png,1945.00 kr,,,yes,7340133901755,,Artfex,,,,new,,,,,,,,,,,,,,,,,,,Fri frakt,3-5 arbetsdagar,Hem & Hushåll > Hem > Husdjur
40632,Artfex skyddsgaller Toyota Corolla Touring,Modellanpassat skyddsgaller till din bil. ,in_stock,,,https://www.hundbur.nu/se/products/artfex-skyddsgaller-toyota-corolla-touring,,https://hund-katt-medusa-backend.s3.eu-north-1.amazonaws.com/Skyddsgaller 1-1716490891659.png,1945.00 kr,,,yes,7340133901793,,Artfex,,,,new,,,,,,,,,,,,,,,,,,,Fri frakt,3-5 arbetsdagar,Hem & Hushåll > Hem > Husdjur
40633,Artfex skyddsgaller Toyota RAV 4 gen V,Modellanpassat skyddsgaller till din bil. ,in_stock,,,https://www.hundbur.nu/se/products/artfex-skyddsgaller-toyota-rav-4-gen-v,,https://hund-katt-medusa-backend.s3.eu-north-1.amazonaws.com/Skyddsgaller 1-1716490942388.png,1945.00 kr,,,yes,7340133901786,,Artfex,,,,new,,,,,,,,,,,,,,,,,,,Fri frakt,3-5 arbetsdagar,Hem & Hushåll > Hem > Husdjur
10001,Artfex Hundbur Small,Artfex Hundbur Small är en tyst. säker och mångsidig universalbur för transport av hund i bil med många genomtänkta detaljer. Denna bur är den minsta från Artfex och lämpar sig för de mindre hundarna.,in_stock,,,https://www.hundbur.nu/se/products/artfex-hundbur-small,,https://hund-katt-medusa-backend.s3.eu-north-1.amazonaws.com/Hundbur Small hundbur.nu-1715863766027.png,3245.00 kr,,,yes,7340133900024,,Artfex,,,,new,,,,,,,,,,,,,,,,,,,Fri frakt,3-5 arbetsdagar,Hem & Hushåll > Hem > Husdjur
40688,Artfex skyddsgaller Toyota Corolla Cross,Modellanpassat skyddsgaller till din bil. ,in_stock,,,https://www.hundbur.nu/se/products/artfex-skyddsgaller-toyota-corolla-cross,,https://hund-katt-medusa-backend.s3.eu-north-1.amazonaws.com/Skyddsgaller 1-1716491293839.png,1945.00 kr,,,yes,7340133902653,,Artfex,,,,new,,,,,,,,,,,,,,,,,,,Fri frakt,3-5 arbetsdagar,Hem & Hushåll > Hem > Husdjur
40690,Artfex skyddsgaller Toyota bZ4X,Modellanpassat skyddsgaller till din bil. ,in_stock,,,https://www.hundbur.nu/se/products/artfex-skyddsgaller-toyota-bz4x,,https://hund-katt-medusa-backend.s3.eu-north-1.amazonaws.com/Skyddsgaller 1-1716491407397.png,1945.00 kr,,,yes,7340133902660,,Artfex,,,,new,,,,,,,,,,,,,,,,,,,Fri frakt,3-5 arbetsdagar,Hem & Hushåll > Hem > Husdjur
40585,Artfex skyddsgaller Volkswagen Caddy kombi,Modellanpassat skyddsgaller till din bil. ,in_stock,,,https://www.hundbur.nu/se/products/artfex-skyddsgaller-volkswagen-caddy-kombi,,https://hund-katt-medusa-backend.s3.eu-north-1.amazonaws.com/Skyddsgaller 1-1716491446397.png,2045.00 kr,,,yes,7340133901809,,Artfex,,,,new,,,,,,,,,,,,,,,,,,,Fri frakt,3-5 arbetsdagar,Hem & Hushåll > Hem > Husdjur
40403,Artfex skyddsgaller Volkswagen Golf 6,Modellanpassat skyddsgaller till din bil. ,in_stock,,,https://www.hundbur.nu/se/products/artfex-skyddsgaller-volkswagen-golf-6,,https://hund-katt-medusa-backend.s3.eu-north-1.amazonaws.com/Skyddsgaller 1-1716491489611.png,1945.00 kr,,,yes,7340133901816,,Artfex,,,,new,,,,,,,,,,,,,,,,,,,Fri frakt,3-5 arbetsdagar,Hem & Hushåll > Hem > Husdjur
40405,Artfex skyddsgaller Volkswagen Golf 6 Variant,Modellanpassat skyddsgaller till din bil. ,in_stock,,,https://www.hundbur.nu/se/products/artfex-skyddsgaller-volkswagen-golf-6-variant,,https://hund-katt-medusa-backend.s3.eu-north-1.amazonaws.com/Skyddsgaller 1-1716491555367.png,1945.00 kr,,,yes,7340133901823,,Artfex,,,,new,,,,,,,,,,,,,,,,,,,Fri frakt,3-5 arbetsdagar,Hem & Hushåll > Hem > Husdjur
40552,Artfex skyddsgaller Volkswagen Golf Sportkombi 7,Modellanpassat skyddsgaller till din bil. ,in_stock,,,https://www.hundbur.nu/se/products/artfex-skyddsgaller-volkswagen-golf-sportkombi-7,,https://hund-katt-medusa-backend.s3.eu-north-1.amazonaws.com/Skyddsgaller 1-1716491609218.png,1945.00 kr,,,yes,7340133901830,,Artfex,,,,new,,,,,,,,,,,,,,,,,,,Fri frakt,3-5 arbetsdagar,Hem & Hushåll > Hem > Husdjur
40417,Artfex skyddsgaller Volkswagen Passat B6 & B7,Modellanpassat skyddsgaller till din bil. ,in_stock,,,https://www.hundbur.nu/se/products/artfex-skyddsgaller-volkswagen-passat-b6-b7,,https://hund-katt-medusa-backend.s3.eu-north-1.amazonaws.com/Skyddsgaller 1-1716491668852.png,1945.00 kr,,,yes,7340133901854,,Artfex,,,,new,,,,,,,,,,,,,,,,,,,Fri frakt,3-5 arbetsdagar,Hem & Hushåll > Hem > Husdjur
40572,Artfex skyddsgaller Volkswagen Passat B8,Modellanpassat skyddsgaller till din bil. ,in_stock,,,https://www.hundbur.nu/se/products/artfex-skyddsgaller-volkswagen-passat-b8,,https://hund-katt-medusa-backend.s3.eu-north-1.amazonaws.com/Skyddsgaller 1-1716491732256.png,1945.00 kr,,,yes,7340133901847,,Artfex,,,,new,,,,,,,,,,,,,,,,,,,Fri frakt,3-5 arbetsdagar,Hem & Hushåll > Hem > Husdjur
40401,Artfex skyddsgaller Volkswagen Multivan T5 & T6,Modellanpassat skyddsgaller till din bil. ,in_stock,,,https://www.hundbur.nu/se/products/artfex-skyddsgaller-volkswagen-multivan-t5-t6,,https://hund-katt-medusa-backend.s3.eu-north-1.amazonaws.com/Skyddsgaller 1-1716491785609.png,2045.00 kr,,,yes,7340133901878,,Artfex,,,,new,,,,,,,,,,,,,,,,,,,Fri frakt,3-5 arbetsdagar,Hem & Hushåll > Hem > Husdjur
40526,Artfex skyddsgaller Volkswagen Touareg Gen II,Modellanpassat skyddsgaller till din bil. ,in_stock,,,https://www.hundbur.nu/se/products/artfex-skyddsgaller-volkswagen-touareg-gen-ii,,https://hund-katt-medusa-backend.s3.eu-north-1.amazonaws.com/Skyddsgaller 1-1716491828118.png,1945.00 kr,,,yes,7340133901861,,Artfex,,,,new,,,,,,,,,,,,,,,,,,,Fri frakt,3-5 arbetsdagar,Hem & Hushåll > Hem > Husdjur
40631,Artfex skyddsgaller Volkswagen Tiguan Gen II,Modellanpassat skyddsgaller till din bil. ,in_stock,,,https://www.hundbur.nu/se/products/artfex-skyddsgaller-volkswagen-tiguan-gen-ii,,https://hund-katt-medusa-backend.s3.eu-north-1.amazonaws.com/Skyddsgaller 1-1716491876114.png,1945.00 kr,,,yes,7340133901885,,Artfex,,,,new,,,,,,,,,,,,,,,,,,,Fri frakt,3-5 arbetsdagar,Hem & Hushåll > Hem > Husdjur
40664,Artfex skyddsgaller Volkswagen ID4,Modellanpassat skyddsgaller till din bil. ,in_stock,,,https://www.hundbur.nu/se/products/artfex-skyddsgaller-volkswagen-id4,,https://hund-katt-medusa-backend.s3.eu-north-1.amazonaws.com/Skyddsgaller 1-1716491912703.png,1945.00 kr,,,yes,7340133902462,,Artfex,,,,new,,,,,,,,,,,,,,,,,,,Fri frakt,3-5 arbetsdagar,Hem & Hushåll > Hem > Husdjur
40673,Artfex skyddsgaller Volkswagen Caddy Maxi Life,Modellanpassat skyddsgaller till din bil. ,in_stock,,,https://www.hundbur.nu/se/products/artfex-skyddsgaller-volkswagen-caddy-maxi-life,,https://hund-katt-medusa-backend.s3.eu-north-1.amazonaws.com/Skyddsgaller 1-1716491955459.png,2045.00 kr,,,yes,7340133902530,,Artfex,,,,new,,,,,,,,,,,,,,,,,,,Fri frakt,3-5 arbetsdagar,Hem & Hushåll > Hem > Husdjur
40681,Artfex skyddsgaller Volkswagen Multivan T7,Modellanpassat skyddsgaller till din bil. ,in_stock,,,https://www.hundbur.nu/se/products/artfex-skyddsgaller-volkswagen-multivan-t7,,https://hund-katt-medusa-backend.s3.eu-north-1.amazonaws.com/Skyddsgaller 1-1716492007949.png,1945.00 kr,,,yes,7340133902592,,Artfex,,,,new,,,,,,,,,,,,,,,,,,,Fri frakt,3-5 arbetsdagar,Hem & Hushåll > Hem > Husdjur
40684,Artfex skyddsgaller Volkswagen ID Buzz,Modellanpassat skyddsgaller till din bil. ,in_stock,,,https://www.hundbur.nu/se/products/artfex-skyddsgaller-volkswagen-id-buzz,,https://hund-katt-medusa-backend.s3.eu-north-1.amazonaws.com/Skyddsgaller 1-1716492047201.png,2045.00 kr,,,yes,7340133902622,,Artfex,,,,new,,,,,,,,,,,,,,,,,,,Fri frakt,3-5 arbetsdagar,Hem & Hushåll > Hem > Husdjur
40478,Artfex skyddsgaller Volvo V50,Modellanpassat skyddsgaller till din bil. ,in_stock,,,https://www.hundbur.nu/se/products/artfex-skyddsgaller-volvo-v50,,https://hund-katt-medusa-backend.s3.eu-north-1.amazonaws.com/Skyddsgaller 1-1716492088173.png,1945.00 kr,,,yes,7340133901908,,Artfex,,,,new,,,,,,,,,,,,,,,,,,,Fri frakt,3-5 arbetsdagar,Hem & Hushåll > Hem > Husdjur
40509,Artfex skyddsgaller Volvo XC60 Gen I,Modellanpassat skyddsgaller till din bil. ,in_stock,,,https://www.hundbur.nu/se/products/artfex-skyddsgaller-volvo-xc60-gen-i,,https://hund-katt-medusa-backend.s3.eu-north-1.amazonaws.com/Skyddsgaller 1-1716492128573.png,1945.00 kr,,,yes,7340133901977,,Artfex,,,,new,,,,,,,,,,,,,,,,,,,Fri frakt,3-5 arbetsdagar,Hem & Hushåll > Hem > Husdjur
40547,Artfex skyddsgaller Volvo V40 Gen II,Modellanpassat skyddsgaller till din bil. ,in_stock,,,https://www.hundbur.nu/se/products/artfex-skyddsgaller-volvo-v40-gen-ii,,https://hund-katt-medusa-backend.s3.eu-north-1.amazonaws.com/Skyddsgaller 1-1716492789553.png,1945.00 kr,,,yes,7340133901892,,Artfex,,,,new,,,,,,,,,,,,,,,,,,,Fri frakt,3-5 arbetsdagar,Hem & Hushåll > Hem > Husdjur
40520,Artfex skyddsgaller Volvo V60 Gen I,Modellanpassat skyddsgaller till din bil. ,in_stock,,,https://www.hundbur.nu/se/products/artfex-skyddsgaller-volvo-v60-gen-i,,https://hund-katt-medusa-backend.s3.eu-north-1.amazonaws.com/Skyddsgaller 1-1716492831052.png,1945.00 kr,,,yes,7340133901915,,Artfex,,,,new,,,,,,,,,,,,,,,,,,,Fri frakt,3-5 arbetsdagar,Hem & Hushåll > Hem > Husdjur
40419,Artfex skyddsgaller Volvo V70 Gen II & XC70 Gen II,Modellanpassat skyddsgaller till din bil. ,in_stock,,,https://www.hundbur.nu/se/products/artfex-skyddsgaller-volvo-v70-gen-ii-xc70-gen-ii,,https://hund-katt-medusa-backend.s3.eu-north-1.amazonaws.com/Skyddsgaller 1-1716492890843.png,1945.00 kr,,,yes,7340133901939,,Artfex,,,,new,,,,,,,,,,,,,,,,,,,Fri frakt,3-5 arbetsdagar,Hem & Hushåll > Hem > Husdjur
40362,Artfex skyddsgaller Volvo V70 Gen III & XC70 Gen III,Modellanpassat skyddsgaller till din bil. ,in_stock,,,https://www.hundbur.nu/se/products/artfex-skyddsgaller-volvo-v70-gen-iii-xc70-gen-iii,,https://hund-katt-medusa-backend.s3.eu-north-1.amazonaws.com/Skyddsgaller 1-1716493002005.png,1945.00 kr,,,yes,7340133901946,,Artfex,,,,new,,,,,,,,,,,,,,,,,,,Fri frakt,3-5 arbetsdagar,Hem & Hushåll > Hem > Husdjur
40602,Artfex skyddsgaller Volvo V90,Modellanpassat skyddsgaller till din bil. ,in_stock,,,https://www.hundbur.nu/se/products/artfex-skyddsgaller-volvo-v90,,https://hund-katt-medusa-backend.s3.eu-north-1.amazonaws.com/Skyddsgaller 1-1716493038075.png,1945.00 kr,,,yes,7340133901953,,Artfex,,,,new,,,,,,,,,,,,,,,,,,,Fri frakt,3-5 arbetsdagar,Hem & Hushåll > Hem > Husdjur
40627,Artfex skyddsgaller Volvo XC40 & XC40 Recharge,Modellanpassat skyddsgaller till din bil. ,in_stock,,,https://www.hundbur.nu/se/products/artfex-skyddsgaller-volvo-xc40-xc40-recharge,,https://hund-katt-medusa-backend.s3.eu-north-1.amazonaws.com/Skyddsgaller 1-1716493134507.png,1945.00 kr,,,yes,7340133901960,,Artfex,,,,new,,,,,,,,,,,,,,,,,,,Fri frakt,3-5 arbetsdagar,Hem & Hushåll > Hem > Husdjur
40621,Artfex skyddsgaller Volvo XC90 Gen II,Modellanpassat skyddsgaller till din bil. ,in_stock,,,https://www.hundbur.nu/se/products/artfex-skyddsgaller-volvo-xc90-gen-ii,,https://hund-katt-medusa-backend.s3.eu-north-1.amazonaws.com/Skyddsgaller 1-1716493203728.png,1945.00 kr,,,yes,7340133902004,,Artfex,,,,new,,,,,,,,,,,,,,,,,,,Fri frakt,3-5 arbetsdagar,Hem & Hushåll > Hem > Husdjur
40528,Artfex skyddsgaller Volvo XC90 Gen I,Modellanpassat skyddsgaller till din bil. ,in_stock,,,https://www.hundbur.nu/se/products/artfex-skyddsgaller-volvo-xc90-gen-i,,https://hund-katt-medusa-backend.s3.eu-north-1.amazonaws.com/Skyddsgaller 1-1716493261699.png,1945.00 kr,,,yes,7340133901991,,Artfex,,,,new,,,,,,,,,,,,,,,,,,,Fri frakt,3-5 arbetsdagar,Hem & Hushåll > Hem > Husdjur
40611,Artfex skyddsgaller Volvo XC60 Gen II,Modellanpassat skyddsgaller till din bil. ,in_stock,,,https://www.hundbur.nu/se/products/artfex-skyddsgaller-volvo-xc60-gen-ii,,https://hund-katt-medusa-backend.s3.eu-north-1.amazonaws.com/Skyddsgaller 1-1716493315871.png,1945.00 kr,,,yes,7340133901984,,Artfex,,,,new,,,,,,,,,,,,,,,,,,,Fri frakt,3-5 arbetsdagar,Hem & Hushåll > Hem > Husdjur
40622,Artfex skyddsgaller Volvo V60 gen II,Modellanpassat skyddsgaller till din bil. ,in_stock,,,https://www.hundbur.nu/se/products/artfex-skyddsgaller-volvo-v60-gen-ii,,https://hund-katt-medusa-backend.s3.eu-north-1.amazonaws.com/Skyddsgaller 1-1716493356387.png,1945.00 kr,,,yes,7340133901922,,Artfex,,,,new,,,,,,,,,,,,,,,,,,,Fri frakt,3-5 arbetsdagar,Hem & Hushåll > Hem > Husdjur
40630,Artfex skyddsgaller Toyota Proace City,Modellanpassat skyddsgaller till din bil. ,in_stock,,,https://www.hundbur.nu/se/products/artfex-skyddsgaller-toyota-proace-city,,https://hund-katt-medusa-backend.s3.eu-north-1.amazonaws.com/Skyddsgaller 1-1716491201382.png,2045.00 kr,,,yes,7340133900659,,Artfex,,,,new,,,,,,,,,,,,,,,,,,,Fri frakt,3-5 arbetsdagar,Hem & Hushåll > Hem > Husdjur
10010,Artfex Hundbur Small LT,Artfex Hundbur Small LT är en bur med lasttröskel som är en tyst. säker och mångsidig universalbur för transport av hund i bil med många genomtänkta detaljer. Denna bur är den minsta från Artfex och är särskilt anpassad för bilar med lasttröskel och lämpar sig för de mindre hundarna.,in_stock,,,https://www.hundbur.nu/se/products/artfex-hundbur-small-lt,,https://hund-katt-medusa-backend.s3.eu-north-1.amazonaws.com/Hundbur Small LT-1715864730601.png,3480.00 kr,,,yes,7340133900116,,Artfex,,,,new,,,,,,,,,,,,,,,,,,,Fri frakt,3-5 arbetsdagar,Hem & Hushåll > Hem > Husdjur